match_id,league_id,league,season,game,home_team,away_team,kickoff,url
28778,1,ENG-Premier League,2526,2025-08-15 Liverpool-Bournemouth,Liverpool,Bournemouth,2025-08-15 19:00:00,https://understat.com/match/28778
28779,1,ENG-Premier League,2526,2025-08-16 Aston Villa-Newcastle United,Aston Villa,Newcastle United,2025-08-16 11:30:00,https://understat.com/match/28779
28780,1,ENG-Premier League,2526,2025-08-16 Brighton-Fulham,Brighton,Fulham,2025-08-16 14:00:00,https://understat.com/match/28780
28781,1,ENG-Premier League,2526,2025-08-16 Sunderland-West Ham,Sunderland,West Ham,2025-08-16 14:00:00,https://understat.com/match/28781
28782,1,ENG-Premier League,2526,2025-08-16 Tottenham-Burnley,Tottenham,Burnley,2025-08-16 14:00:00,https://understat.com/match/28782
28783,1,ENG-Premier League,2526,2025-08-16 Wolverhampton Wanderers-Manchester City,Wolverhampton Wanderers,Manchester City,2025-08-16 16:30:00,https://understat.com/match/28783
28784,1,ENG-Premier League,2526,2025-08-17 Chelsea-Crystal Palace,Chelsea,Crystal Palace,2025-08-17 13:00:00,https://understat.com/match/28784
28786,1,ENG-Premier League,2526,2025-08-17 Manchester United-Arsenal,Manchester United,Arsenal,2025-08-17 15:30:00,https://understat.com/match/28786
28785,1,ENG-Premier League,2526,2025-08-17 Nottingham Forest-Brentford,Nottingham Forest,Brentford,2025-08-17 13:00:00,https://understat.com/match/28785
28787,1,ENG-Premier League,2526,2025-08-18 Leeds-Everton,Leeds,Everton,2025-08-18 19:00:00,https://understat.com/match/28787
28788,1,ENG-Premier League,2526,2025-08-22 West Ham-Chelsea,West Ham,Chelsea,2025-08-22 19:00:00,https://understat.com/match/28788
28793,1,ENG-Premier League,2526,2025-08-23 Arsenal-Leeds,Arsenal,Leeds,2025-08-23 16:30:00,https://understat.com/match/28793
28792,1,ENG-Premier League,2526,2025-08-23 Bournemouth-Wolverhampton Wanderers,Bournemouth,Wolverhampton Wanderers,2025-08-23 14:00:00,https://understat.com/match/28792
28790,1,ENG-Premier League,2526,2025-08-23 Brentford-Aston Villa,Brentford,Aston Villa,2025-08-23 14:00:00,https://understat.com/match/28790
28791,1,ENG-Premier League,2526,2025-08-23 Burnley-Sunderland,Burnley,Sunderland,2025-08-23 14:00:00,https://understat.com/match/28791
28789,1,ENG-Premier League,2526,2025-08-23 Manchester City-Tottenham,Manchester City,Tottenham,2025-08-23 11:30:00,https://understat.com/match/28789
28794,1,ENG-Premier League,2526,2025-08-24 Crystal Palace-Nottingham Forest,Crystal Palace,Nottingham Forest,2025-08-24 13:00:00,https://understat.com/match/28794
28795,1,ENG-Premier League,2526,2025-08-24 Everton-Brighton,Everton,Brighton,2025-08-24 13:00:00,https://understat.com/match/28795
28796,1,ENG-Premier League,2526,2025-08-24 Fulham-Manchester United,Fulham,Manchester United,2025-08-24 15:30:00,https://understat.com/match/28796
28797,1,ENG-Premier League,2526,2025-08-25 Newcastle United-Liverpool,Newcastle United,Liverpool,2025-08-25 19:00:00,https://understat.com/match/28797
28798,1,ENG-Premier League,2526,2025-08-30 Chelsea-Fulham,Chelsea,Fulham,2025-08-30 11:30:00,https://understat.com/match/28798
28803,1,ENG-Premier League,2526,2025-08-30 Leeds-Newcastle United,Leeds,Newcastle United,2025-08-30 16:30:00,https://understat.com/match/28803
28802,1,ENG-Premier League,2526,2025-08-30 Manchester United-Burnley,Manchester United,Burnley,2025-08-30 14:00:00,https://understat.com/match/28802
28801,1,ENG-Premier League,2526,2025-08-30 Sunderland-Brentford,Sunderland,Brentford,2025-08-30 14:00:00,https://understat.com/match/28801
28799,1,ENG-Premier League,2526,2025-08-30 Tottenham-Bournemouth,Tottenham,Bournemouth,2025-08-30 14:00:00,https://understat.com/match/28799
28800,1,ENG-Premier League,2526,2025-08-30 Wolverhampton Wanderers-Everton,Wolverhampton Wanderers,Everton,2025-08-30 14:00:00,https://understat.com/match/28800
28807,1,ENG-Premier League,2526,2025-08-31 Aston Villa-Crystal Palace,Aston Villa,Crystal Palace,2025-08-31 18:00:00,https://understat.com/match/28807
28805,1,ENG-Premier League,2526,2025-08-31 Brighton-Manchester City,Brighton,Manchester City,2025-08-31 13:00:00,https://understat.com/match/28805
28806,1,ENG-Premier League,2526,2025-08-31 Liverpool-Arsenal,Liverpool,Arsenal,2025-08-31 15:30:00,https://understat.com/match/28806
28804,1,ENG-Premier League,2526,2025-08-31 Nottingham Forest-West Ham,Nottingham Forest,West Ham,2025-08-31 13:00:00,https://understat.com/match/28804
28808,1,ENG-Premier League,2526,2025-09-13 Arsenal-Nottingham Forest,Arsenal,Nottingham Forest,2025-09-13 11:30:00,https://understat.com/match/28808
28810,1,ENG-Premier League,2526,2025-09-13 Bournemouth-Brighton,Bournemouth,Brighton,2025-09-13 14:00:00,https://understat.com/match/28810
28815,1,ENG-Premier League,2526,2025-09-13 Brentford-Chelsea,Brentford,Chelsea,2025-09-13 19:00:00,https://understat.com/match/28815
28811,1,ENG-Premier League,2526,2025-09-13 Crystal Palace-Sunderland,Crystal Palace,Sunderland,2025-09-13 14:00:00,https://understat.com/match/28811
28812,1,ENG-Premier League,2526,2025-09-13 Everton-Aston Villa,Everton,Aston Villa,2025-09-13 14:00:00,https://understat.com/match/28812
28813,1,ENG-Premier League,2526,2025-09-13 Fulham-Leeds,Fulham,Leeds,2025-09-13 14:00:00,https://understat.com/match/28813
28809,1,ENG-Premier League,2526,2025-09-13 Newcastle United-Wolverhampton Wanderers,Newcastle United,Wolverhampton Wanderers,2025-09-13 14:00:00,https://understat.com/match/28809
28814,1,ENG-Premier League,2526,2025-09-13 West Ham-Tottenham,West Ham,Tottenham,2025-09-13 16:30:00,https://understat.com/match/28814
28816,1,ENG-Premier League,2526,2025-09-14 Burnley-Liverpool,Burnley,Liverpool,2025-09-14 13:00:00,https://understat.com/match/28816
28817,1,ENG-Premier League,2526,2025-09-14 Manchester City-Manchester United,Manchester City,Manchester United,2025-09-14 15:30:00,https://understat.com/match/28817
28821,1,ENG-Premier League,2526,2025-09-20 Brighton-Tottenham,Brighton,Tottenham,2025-09-20 14:00:00,https://understat.com/match/28821
28822,1,ENG-Premier League,2526,2025-09-20 Burnley-Nottingham Forest,Burnley,Nottingham Forest,2025-09-20 14:00:00,https://understat.com/match/28822
28825,1,ENG-Premier League,2526,2025-09-20 Fulham-Brentford,Fulham,Brentford,2025-09-20 19:00:00,https://understat.com/match/28825
28818,1,ENG-Premier League,2526,2025-09-20 Liverpool-Everton,Liverpool,Everton,2025-09-20 11:30:00,https://understat.com/match/28818
28824,1,ENG-Premier League,2526,2025-09-20 Manchester United-Chelsea,Manchester United,Chelsea,2025-09-20 16:30:00,https://understat.com/match/28824
28819,1,ENG-Premier League,2526,2025-09-20 West Ham-Crystal Palace,West Ham,Crystal Palace,2025-09-20 14:00:00,https://understat.com/match/28819
28820,1,ENG-Premier League,2526,2025-09-20 Wolverhampton Wanderers-Leeds,Wolverhampton Wanderers,Leeds,2025-09-20 14:00:00,https://understat.com/match/28820
28827,1,ENG-Premier League,2526,2025-09-21 Arsenal-Manchester City,Arsenal,Manchester City,2025-09-21 15:30:00,https://understat.com/match/28827
28823,1,ENG-Premier League,2526,2025-09-21 Bournemouth-Newcastle United,Bournemouth,Newcastle United,2025-09-21 13:00:00,https://understat.com/match/28823
28826,1,ENG-Premier League,2526,2025-09-21 Sunderland-Aston Villa,Sunderland,Aston Villa,2025-09-21 13:00:00,https://understat.com/match/28826
28828,1,ENG-Premier League,2526,2025-09-27 Brentford-Manchester United,Brentford,Manchester United,2025-09-27 11:30:00,https://understat.com/match/28828
28829,1,ENG-Premier League,2526,2025-09-27 Chelsea-Brighton,Chelsea,Brighton,2025-09-27 14:00:00,https://understat.com/match/28829
28830,1,ENG-Premier League,2526,2025-09-27 Crystal Palace-Liverpool,Crystal Palace,Liverpool,2025-09-27 14:00:00,https://understat.com/match/28830
28832,1,ENG-Premier League,2526,2025-09-27 Leeds-Bournemouth,Leeds,Bournemouth,2025-09-27 14:00:00,https://understat.com/match/28832
28833,1,ENG-Premier League,2526,2025-09-27 Manchester City-Burnley,Manchester City,Burnley,2025-09-27 14:00:00,https://understat.com/match/28833
28834,1,ENG-Premier League,2526,2025-09-27 Nottingham Forest-Sunderland,Nottingham Forest,Sunderland,2025-09-27 16:30:00,https://understat.com/match/28834
28835,1,ENG-Premier League,2526,2025-09-27 Tottenham-Wolverhampton Wanderers,Tottenham,Wolverhampton Wanderers,2025-09-27 19:00:00,https://understat.com/match/28835
28831,1,ENG-Premier League,2526,2025-09-28 Aston Villa-Fulham,Aston Villa,Fulham,2025-09-28 13:00:00,https://understat.com/match/28831
28836,1,ENG-Premier League,2526,2025-09-28 Newcastle United-Arsenal,Newcastle United,Arsenal,2025-09-28 15:30:00,https://understat.com/match/28836
28837,1,ENG-Premier League,2526,2025-09-29 Everton-West Ham,Everton,West Ham,2025-09-29 19:00:00,https://understat.com/match/28837
28838,1,ENG-Premier League,2526,2025-10-03 Bournemouth-Fulham,Bournemouth,Fulham,2025-10-03 19:00:00,https://understat.com/match/28838
28839,1,ENG-Premier League,2526,2025-10-04 Arsenal-West Ham,Arsenal,West Ham,2025-10-04 14:00:00,https://understat.com/match/28839
28842,1,ENG-Premier League,2526,2025-10-04 Chelsea-Liverpool,Chelsea,Liverpool,2025-10-04 16:30:00,https://understat.com/match/28842
28844,1,ENG-Premier League,2526,2025-10-04 Leeds-Tottenham,Leeds,Tottenham,2025-10-04 11:30:00,https://understat.com/match/28844
28845,1,ENG-Premier League,2526,2025-10-04 Manchester United-Sunderland,Manchester United,Sunderland,2025-10-04 14:00:00,https://understat.com/match/28845
28840,1,ENG-Premier League,2526,2025-10-05 Aston Villa-Burnley,Aston Villa,Burnley,2025-10-05 13:00:00,https://understat.com/match/28840
28841,1,ENG-Premier League,2526,2025-10-05 Brentford-Manchester City,Brentford,Manchester City,2025-10-05 15:30:00,https://understat.com/match/28841
28843,1,ENG-Premier League,2526,2025-10-05 Everton-Crystal Palace,Everton,Crystal Palace,2025-10-05 13:00:00,https://understat.com/match/28843
28846,1,ENG-Premier League,2526,2025-10-05 Newcastle United-Nottingham Forest,Newcastle United,Nottingham Forest,2025-10-05 13:00:00,https://understat.com/match/28846
28847,1,ENG-Premier League,2526,2025-10-05 Wolverhampton Wanderers-Brighton,Wolverhampton Wanderers,Brighton,2025-10-05 13:00:00,https://understat.com/match/28847
28848,1,ENG-Premier League,2526,2025-10-18 Brighton-Newcastle United,Brighton,Newcastle United,2025-10-18 14:00:00,https://understat.com/match/28848
28849,1,ENG-Premier League,2526,2025-10-18 Burnley-Leeds,Burnley,Leeds,2025-10-18 14:00:00,https://understat.com/match/28849
28850,1,ENG-Premier League,2526,2025-10-18 Crystal Palace-Bournemouth,Crystal Palace,Bournemouth,2025-10-18 14:00:00,https://understat.com/match/28850
28851,1,ENG-Premier League,2526,2025-10-18 Fulham-Arsenal,Fulham,Arsenal,2025-10-18 16:30:00,https://understat.com/match/28851
28853,1,ENG-Premier League,2526,2025-10-18 Manchester City-Everton,Manchester City,Everton,2025-10-18 14:00:00,https://understat.com/match/28853
28854,1,ENG-Premier League,2526,2025-10-18 Nottingham Forest-Chelsea,Nottingham Forest,Chelsea,2025-10-18 11:30:00,https://understat.com/match/28854
28855,1,ENG-Premier League,2526,2025-10-18 Sunderland-Wolverhampton Wanderers,Sunderland,Wolverhampton Wanderers,2025-10-18 14:00:00,https://understat.com/match/28855
28852,1,ENG-Premier League,2526,2025-10-19 Liverpool-Manchester United,Liverpool,Manchester United,2025-10-19 15:30:00,https://understat.com/match/28852
28856,1,ENG-Premier League,2526,2025-10-19 Tottenham-Aston Villa,Tottenham,Aston Villa,2025-10-19 13:00:00,https://understat.com/match/28856
28857,1,ENG-Premier League,2526,2025-10-20 West Ham-Brentford,West Ham,Brentford,2025-10-20 19:00:00,https://understat.com/match/28857
28864,1,ENG-Premier League,2526,2025-10-24 Leeds-West Ham,Leeds,West Ham,2025-10-24 19:00:00,https://understat.com/match/28864
28861,1,ENG-Premier League,2526,2025-10-25 Brentford-Liverpool,Brentford,Liverpool,2025-10-25 19:00:00,https://understat.com/match/28861
28862,1,ENG-Premier League,2526,2025-10-25 Chelsea-Sunderland,Chelsea,Sunderland,2025-10-25 14:00:00,https://understat.com/match/28862
28865,1,ENG-Premier League,2526,2025-10-25 Manchester United-Brighton,Manchester United,Brighton,2025-10-25 16:30:00,https://understat.com/match/28865
28866,1,ENG-Premier League,2526,2025-10-25 Newcastle United-Fulham,Newcastle United,Fulham,2025-10-25 14:00:00,https://understat.com/match/28866
28859,1,ENG-Premier League,2526,2025-10-26 Arsenal-Crystal Palace,Arsenal,Crystal Palace,2025-10-26 13:00:00,https://understat.com/match/28859
28860,1,ENG-Premier League,2526,2025-10-26 Aston Villa-Manchester City,Aston Villa,Manchester City,2025-10-26 13:00:00,https://understat.com/match/28860
28858,1,ENG-Premier League,2526,2025-10-26 Bournemouth-Nottingham Forest,Bournemouth,Nottingham Forest,2025-10-26 13:00:00,https://understat.com/match/28858
28863,1,ENG-Premier League,2526,2025-10-26 Everton-Tottenham,Everton,Tottenham,2025-10-26 15:30:00,https://understat.com/match/28863
28867,1,ENG-Premier League,2526,2025-10-26 Wolverhampton Wanderers-Burnley,Wolverhampton Wanderers,Burnley,2025-10-26 13:00:00,https://understat.com/match/28867
28868,1,ENG-Premier League,2526,2025-11-01 Brighton-Leeds,Brighton,Leeds,2025-11-01 13:00:00,https://understat.com/match/28868
28869,1,ENG-Premier League,2526,2025-11-01 Burnley-Arsenal,Burnley,Arsenal,2025-11-01 13:00:00,https://understat.com/match/28869
28870,1,ENG-Premier League,2526,2025-11-01 Crystal Palace-Brentford,Crystal Palace,Brentford,2025-11-01 13:00:00,https://understat.com/match/28870
28871,1,ENG-Premier League,2526,2025-11-01 Fulham-Wolverhampton Wanderers,Fulham,Wolverhampton Wanderers,2025-11-01 13:00:00,https://understat.com/match/28871
28872,1,ENG-Premier League,2526,2025-11-01 Liverpool-Aston Villa,Liverpool,Aston Villa,2025-11-01 13:00:00,https://understat.com/match/28872
28873,1,ENG-Premier League,2526,2025-11-01 Manchester City-Bournemouth,Manchester City,Bournemouth,2025-11-01 13:00:00,https://understat.com/match/28873
28874,1,ENG-Premier League,2526,2025-11-01 Nottingham Forest-Manchester United,Nottingham Forest,Manchester United,2025-11-01 13:00:00,https://understat.com/match/28874
28875,1,ENG-Premier League,2526,2025-11-01 Sunderland-Everton,Sunderland,Everton,2025-11-01 13:00:00,https://understat.com/match/28875
28876,1,ENG-Premier League,2526,2025-11-01 Tottenham-Chelsea,Tottenham,Chelsea,2025-11-01 13:00:00,https://understat.com/match/28876
28877,1,ENG-Premier League,2526,2025-11-01 West Ham-Newcastle United,West Ham,Newcastle United,2025-11-01 13:00:00,https://understat.com/match/28877
28878,1,ENG-Premier League,2526,2025-11-08 Aston Villa-Bournemouth,Aston Villa,Bournemouth,2025-11-08 13:00:00,https://understat.com/match/28878
28879,1,ENG-Premier League,2526,2025-11-08 Brentford-Newcastle United,Brentford,Newcastle United,2025-11-08 13:00:00,https://understat.com/match/28879
28880,1,ENG-Premier League,2526,2025-11-08 Chelsea-Wolverhampton Wanderers,Chelsea,Wolverhampton Wanderers,2025-11-08 13:00:00,https://understat.com/match/28880
28881,1,ENG-Premier League,2526,2025-11-08 Crystal Palace-Brighton,Crystal Palace,Brighton,2025-11-08 13:00:00,https://understat.com/match/28881
28882,1,ENG-Premier League,2526,2025-11-08 Everton-Fulham,Everton,Fulham,2025-11-08 13:00:00,https://understat.com/match/28882
28883,1,ENG-Premier League,2526,2025-11-08 Manchester City-Liverpool,Manchester City,Liverpool,2025-11-08 13:00:00,https://understat.com/match/28883
28884,1,ENG-Premier League,2526,2025-11-08 Nottingham Forest-Leeds,Nottingham Forest,Leeds,2025-11-08 13:00:00,https://understat.com/match/28884
28885,1,ENG-Premier League,2526,2025-11-08 Sunderland-Arsenal,Sunderland,Arsenal,2025-11-08 13:00:00,https://understat.com/match/28885
28886,1,ENG-Premier League,2526,2025-11-08 Tottenham-Manchester United,Tottenham,Manchester United,2025-11-08 13:00:00,https://understat.com/match/28886
28887,1,ENG-Premier League,2526,2025-11-08 West Ham-Burnley,West Ham,Burnley,2025-11-08 13:00:00,https://understat.com/match/28887
28889,1,ENG-Premier League,2526,2025-11-22 Arsenal-Tottenham,Arsenal,Tottenham,2025-11-22 13:00:00,https://understat.com/match/28889
28888,1,ENG-Premier League,2526,2025-11-22 Bournemouth-West Ham,Bournemouth,West Ham,2025-11-22 13:00:00,https://understat.com/match/28888
28890,1,ENG-Premier League,2526,2025-11-22 Brighton-Brentford,Brighton,Brentford,2025-11-22 13:00:00,https://understat.com/match/28890
28891,1,ENG-Premier League,2526,2025-11-22 Burnley-Chelsea,Burnley,Chelsea,2025-11-22 13:00:00,https://understat.com/match/28891
28892,1,ENG-Premier League,2526,2025-11-22 Fulham-Sunderland,Fulham,Sunderland,2025-11-22 13:00:00,https://understat.com/match/28892
28893,1,ENG-Premier League,2526,2025-11-22 Leeds-Aston Villa,Leeds,Aston Villa,2025-11-22 13:00:00,https://understat.com/match/28893
28894,1,ENG-Premier League,2526,2025-11-22 Liverpool-Nottingham Forest,Liverpool,Nottingham Forest,2025-11-22 13:00:00,https://understat.com/match/28894
28895,1,ENG-Premier League,2526,2025-11-22 Manchester United-Everton,Manchester United,Everton,2025-11-22 13:00:00,https://understat.com/match/28895
28896,1,ENG-Premier League,2526,2025-11-22 Newcastle United-Manchester City,Newcastle United,Manchester City,2025-11-22 13:00:00,https://understat.com/match/28896
28897,1,ENG-Premier League,2526,2025-11-22 Wolverhampton Wanderers-Crystal Palace,Wolverhampton Wanderers,Crystal Palace,2025-11-22 13:00:00,https://understat.com/match/28897
28898,1,ENG-Premier League,2526,2025-11-29 Aston Villa-Wolverhampton Wanderers,Aston Villa,Wolverhampton Wanderers,2025-11-29 13:00:00,https://understat.com/match/28898
28899,1,ENG-Premier League,2526,2025-11-29 Brentford-Burnley,Brentford,Burnley,2025-11-29 13:00:00,https://understat.com/match/28899
28900,1,ENG-Premier League,2526,2025-11-29 Chelsea-Arsenal,Chelsea,Arsenal,2025-11-29 13:00:00,https://understat.com/match/28900
28901,1,ENG-Premier League,2526,2025-11-29 Crystal Palace-Manchester United,Crystal Palace,Manchester United,2025-11-29 13:00:00,https://understat.com/match/28901
28902,1,ENG-Premier League,2526,2025-11-29 Everton-Newcastle United,Everton,Newcastle United,2025-11-29 13:00:00,https://understat.com/match/28902
28903,1,ENG-Premier League,2526,2025-11-29 Manchester City-Leeds,Manchester City,Leeds,2025-11-29 13:00:00,https://understat.com/match/28903
28904,1,ENG-Premier League,2526,2025-11-29 Nottingham Forest-Brighton,Nottingham Forest,Brighton,2025-11-29 13:00:00,https://understat.com/match/28904
28905,1,ENG-Premier League,2526,2025-11-29 Sunderland-Bournemouth,Sunderland,Bournemouth,2025-11-29 13:00:00,https://understat.com/match/28905
28906,1,ENG-Premier League,2526,2025-11-29 Tottenham-Fulham,Tottenham,Fulham,2025-11-29 13:00:00,https://understat.com/match/28906
28907,1,ENG-Premier League,2526,2025-11-29 West Ham-Liverpool,West Ham,Liverpool,2025-11-29 13:00:00,https://understat.com/match/28907
28909,1,ENG-Premier League,2526,2025-12-03 Arsenal-Brentford,Arsenal,Brentford,2025-12-03 18:00:00,https://understat.com/match/28909
28908,1,ENG-Premier League,2526,2025-12-03 Bournemouth-Everton,Bournemouth,Everton,2025-12-03 18:00:00,https://understat.com/match/28908
28910,1,ENG-Premier League,2526,2025-12-03 Brighton-Aston Villa,Brighton,Aston Villa,2025-12-03 18:00:00,https://understat.com/match/28910
28911,1,ENG-Premier League,2526,2025-12-03 Burnley-Crystal Palace,Burnley,Crystal Palace,2025-12-03 18:00:00,https://understat.com/match/28911
28912,1,ENG-Premier League,2526,2025-12-03 Fulham-Manchester City,Fulham,Manchester City,2025-12-03 18:00:00,https://understat.com/match/28912
28913,1,ENG-Premier League,2526,2025-12-03 Leeds-Chelsea,Leeds,Chelsea,2025-12-03 18:00:00,https://understat.com/match/28913
28914,1,ENG-Premier League,2526,2025-12-03 Liverpool-Sunderland,Liverpool,Sunderland,2025-12-03 18:00:00,https://understat.com/match/28914
28915,1,ENG-Premier League,2526,2025-12-03 Manchester United-West Ham,Manchester United,West Ham,2025-12-03 18:00:00,https://understat.com/match/28915
28916,1,ENG-Premier League,2526,2025-12-03 Newcastle United-Tottenham,Newcastle United,Tottenham,2025-12-03 18:00:00,https://understat.com/match/28916
28917,1,ENG-Premier League,2526,2025-12-03 Wolverhampton Wanderers-Nottingham Forest,Wolverhampton Wanderers,Nottingham Forest,2025-12-03 18:00:00,https://understat.com/match/28917
28919,1,ENG-Premier League,2526,2025-12-06 Aston Villa-Arsenal,Aston Villa,Arsenal,2025-12-06 13:00:00,https://understat.com/match/28919
28918,1,ENG-Premier League,2526,2025-12-06 Bournemouth-Chelsea,Bournemouth,Chelsea,2025-12-06 13:00:00,https://understat.com/match/28918
28920,1,ENG-Premier League,2526,2025-12-06 Brighton-West Ham,Brighton,West Ham,2025-12-06 13:00:00,https://understat.com/match/28920
28921,1,ENG-Premier League,2526,2025-12-06 Everton-Nottingham Forest,Everton,Nottingham Forest,2025-12-06 13:00:00,https://understat.com/match/28921
28922,1,ENG-Premier League,2526,2025-12-06 Fulham-Crystal Palace,Fulham,Crystal Palace,2025-12-06 13:00:00,https://understat.com/match/28922
28923,1,ENG-Premier League,2526,2025-12-06 Leeds-Liverpool,Leeds,Liverpool,2025-12-06 13:00:00,https://understat.com/match/28923
28924,1,ENG-Premier League,2526,2025-12-06 Manchester City-Sunderland,Manchester City,Sunderland,2025-12-06 13:00:00,https://understat.com/match/28924
28925,1,ENG-Premier League,2526,2025-12-06 Newcastle United-Burnley,Newcastle United,Burnley,2025-12-06 13:00:00,https://understat.com/match/28925
28926,1,ENG-Premier League,2526,2025-12-06 Tottenham-Brentford,Tottenham,Brentford,2025-12-06 13:00:00,https://understat.com/match/28926
28927,1,ENG-Premier League,2526,2025-12-06 Wolverhampton Wanderers-Manchester United,Wolverhampton Wanderers,Manchester United,2025-12-06 13:00:00,https://understat.com/match/28927
28928,1,ENG-Premier League,2526,2025-12-13 Arsenal-Wolverhampton Wanderers,Arsenal,Wolverhampton Wanderers,2025-12-13 13:00:00,https://understat.com/match/28928
28929,1,ENG-Premier League,2526,2025-12-13 Brentford-Leeds,Brentford,Leeds,2025-12-13 13:00:00,https://understat.com/match/28929
28930,1,ENG-Premier League,2526,2025-12-13 Burnley-Fulham,Burnley,Fulham,2025-12-13 13:00:00,https://understat.com/match/28930
28931,1,ENG-Premier League,2526,2025-12-13 Chelsea-Everton,Chelsea,Everton,2025-12-13 13:00:00,https://understat.com/match/28931
28932,1,ENG-Premier League,2526,2025-12-13 Crystal Palace-Manchester City,Crystal Palace,Manchester City,2025-12-13 13:00:00,https://understat.com/match/28932
28933,1,ENG-Premier League,2526,2025-12-13 Liverpool-Brighton,Liverpool,Brighton,2025-12-13 13:00:00,https://understat.com/match/28933
28934,1,ENG-Premier League,2526,2025-12-13 Manchester United-Bournemouth,Manchester United,Bournemouth,2025-12-13 13:00:00,https://understat.com/match/28934
28935,1,ENG-Premier League,2526,2025-12-13 Nottingham Forest-Tottenham,Nottingham Forest,Tottenham,2025-12-13 13:00:00,https://understat.com/match/28935
28936,1,ENG-Premier League,2526,2025-12-13 Sunderland-Newcastle United,Sunderland,Newcastle United,2025-12-13 13:00:00,https://understat.com/match/28936
28937,1,ENG-Premier League,2526,2025-12-13 West Ham-Aston Villa,West Ham,Aston Villa,2025-12-13 13:00:00,https://understat.com/match/28937
28939,1,ENG-Premier League,2526,2025-12-20 Aston Villa-Manchester United,Aston Villa,Manchester United,2025-12-20 13:00:00,https://understat.com/match/28939
28938,1,ENG-Premier League,2526,2025-12-20 Bournemouth-Burnley,Bournemouth,Burnley,2025-12-20 13:00:00,https://understat.com/match/28938
28940,1,ENG-Premier League,2526,2025-12-20 Brighton-Sunderland,Brighton,Sunderland,2025-12-20 13:00:00,https://understat.com/match/28940
28941,1,ENG-Premier League,2526,2025-12-20 Everton-Arsenal,Everton,Arsenal,2025-12-20 13:00:00,https://understat.com/match/28941
28942,1,ENG-Premier League,2526,2025-12-20 Fulham-Nottingham Forest,Fulham,Nottingham Forest,2025-12-20 13:00:00,https://understat.com/match/28942
28943,1,ENG-Premier League,2526,2025-12-20 Leeds-Crystal Palace,Leeds,Crystal Palace,2025-12-20 13:00:00,https://understat.com/match/28943
28944,1,ENG-Premier League,2526,2025-12-20 Manchester City-West Ham,Manchester City,West Ham,2025-12-20 13:00:00,https://understat.com/match/28944
28945,1,ENG-Premier League,2526,2025-12-20 Newcastle United-Chelsea,Newcastle United,Chelsea,2025-12-20 13:00:00,https://understat.com/match/28945
28946,1,ENG-Premier League,2526,2025-12-20 Tottenham-Liverpool,Tottenham,Liverpool,2025-12-20 13:00:00,https://understat.com/match/28946
28947,1,ENG-Premier League,2526,2025-12-20 Wolverhampton Wanderers-Brentford,Wolverhampton Wanderers,Brentford,2025-12-20 13:00:00,https://understat.com/match/28947
28948,1,ENG-Premier League,2526,2025-12-27 Arsenal-Brighton,Arsenal,Brighton,2025-12-27 13:00:00,https://understat.com/match/28948
28949,1,ENG-Premier League,2526,2025-12-27 Brentford-Bournemouth,Brentford,Bournemouth,2025-12-27 13:00:00,https://understat.com/match/28949
28950,1,ENG-Premier League,2526,2025-12-27 Burnley-Everton,Burnley,Everton,2025-12-27 13:00:00,https://understat.com/match/28950
28951,1,ENG-Premier League,2526,2025-12-27 Chelsea-Aston Villa,Chelsea,Aston Villa,2025-12-27 13:00:00,https://understat.com/match/28951
28952,1,ENG-Premier League,2526,2025-12-27 Crystal Palace-Tottenham,Crystal Palace,Tottenham,2025-12-27 13:00:00,https://understat.com/match/28952
28953,1,ENG-Premier League,2526,2025-12-27 Liverpool-Wolverhampton Wanderers,Liverpool,Wolverhampton Wanderers,2025-12-27 13:00:00,https://understat.com/match/28953
28954,1,ENG-Premier League,2526,2025-12-27 Manchester United-Newcastle United,Manchester United,Newcastle United,2025-12-27 13:00:00,https://understat.com/match/28954
28955,1,ENG-Premier League,2526,2025-12-27 Nottingham Forest-Manchester City,Nottingham Forest,Manchester City,2025-12-27 13:00:00,https://understat.com/match/28955
28956,1,ENG-Premier League,2526,2025-12-27 Sunderland-Leeds,Sunderland,Leeds,2025-12-27 13:00:00,https://understat.com/match/28956
28957,1,ENG-Premier League,2526,2025-12-27 West Ham-Fulham,West Ham,Fulham,2025-12-27 13:00:00,https://understat.com/match/28957
28958,1,ENG-Premier League,2526,2025-12-30 Arsenal-Aston Villa,Arsenal,Aston Villa,2025-12-30 18:00:00,https://understat.com/match/28958
28959,1,ENG-Premier League,2526,2025-12-30 Brentford-Tottenham,Brentford,Tottenham,2025-12-30 18:00:00,https://understat.com/match/28959
28960,1,ENG-Premier League,2526,2025-12-30 Burnley-Newcastle United,Burnley,Newcastle United,2025-12-30 18:00:00,https://understat.com/match/28960
28961,1,ENG-Premier League,2526,2025-12-30 Chelsea-Bournemouth,Chelsea,Bournemouth,2025-12-30 18:00:00,https://understat.com/match/28961
28962,1,ENG-Premier League,2526,2025-12-30 Crystal Palace-Fulham,Crystal Palace,Fulham,2025-12-30 18:00:00,https://understat.com/match/28962
28963,1,ENG-Premier League,2526,2025-12-30 Liverpool-Leeds,Liverpool,Leeds,2025-12-30 18:00:00,https://understat.com/match/28963
28964,1,ENG-Premier League,2526,2025-12-30 Manchester United-Wolverhampton Wanderers,Manchester United,Wolverhampton Wanderers,2025-12-30 18:00:00,https://understat.com/match/28964
28965,1,ENG-Premier League,2526,2025-12-30 Nottingham Forest-Everton,Nottingham Forest,Everton,2025-12-30 18:00:00,https://understat.com/match/28965
28966,1,ENG-Premier League,2526,2025-12-30 Sunderland-Manchester City,Sunderland,Manchester City,2025-12-30 18:00:00,https://understat.com/match/28966
28967,1,ENG-Premier League,2526,2025-12-30 West Ham-Brighton,West Ham,Brighton,2025-12-30 18:00:00,https://understat.com/match/28967
28972,1,ENG-Premier League,2526,2026-01-03 Aston Villa-Nottingham Forest,Aston Villa,Nottingham Forest,2026-01-03 13:00:00,https://understat.com/match/28972
28971,1,ENG-Premier League,2526,2026-01-03 Bournemouth-Arsenal,Bournemouth,Arsenal,2026-01-03 13:00:00,https://understat.com/match/28971
28973,1,ENG-Premier League,2526,2026-01-03 Brighton-Burnley,Brighton,Burnley,2026-01-03 13:00:00,https://understat.com/match/28973
28974,1,ENG-Premier League,2526,2026-01-03 Everton-Brentford,Everton,Brentford,2026-01-03 13:00:00,https://understat.com/match/28974
28975,1,ENG-Premier League,2526,2026-01-03 Fulham-Liverpool,Fulham,Liverpool,2026-01-03 13:00:00,https://understat.com/match/28975
28976,1,ENG-Premier League,2526,2026-01-03 Leeds-Manchester United,Leeds,Manchester United,2026-01-03 13:00:00,https://understat.com/match/28976
28977,1,ENG-Premier League,2526,2026-01-03 Manchester City-Chelsea,Manchester City,Chelsea,2026-01-03 13:00:00,https://understat.com/match/28977
28968,1,ENG-Premier League,2526,2026-01-03 Newcastle United-Crystal Palace,Newcastle United,Crystal Palace,2026-01-03 13:00:00,https://understat.com/match/28968
28969,1,ENG-Premier League,2526,2026-01-03 Tottenham-Sunderland,Tottenham,Sunderland,2026-01-03 13:00:00,https://understat.com/match/28969
28970,1,ENG-Premier League,2526,2026-01-03 Wolverhampton Wanderers-West Ham,Wolverhampton Wanderers,West Ham,2026-01-03 13:00:00,https://understat.com/match/28970
28980,1,ENG-Premier League,2526,2026-01-07 Arsenal-Liverpool,Arsenal,Liverpool,2026-01-07 18:00:00,https://understat.com/match/28980
28979,1,ENG-Premier League,2526,2026-01-07 Bournemouth-Tottenham,Bournemouth,Tottenham,2026-01-07 18:00:00,https://understat.com/match/28979
28981,1,ENG-Premier League,2526,2026-01-07 Brentford-Sunderland,Brentford,Sunderland,2026-01-07 18:00:00,https://understat.com/match/28981
28982,1,ENG-Premier League,2526,2026-01-07 Burnley-Manchester United,Burnley,Manchester United,2026-01-07 18:00:00,https://understat.com/match/28982
28983,1,ENG-Premier League,2526,2026-01-07 Crystal Palace-Aston Villa,Crystal Palace,Aston Villa,2026-01-07 18:00:00,https://understat.com/match/28983
28978,1,ENG-Premier League,2526,2026-01-07 Everton-Wolverhampton Wanderers,Everton,Wolverhampton Wanderers,2026-01-07 18:00:00,https://understat.com/match/28978
28984,1,ENG-Premier League,2526,2026-01-07 Fulham-Chelsea,Fulham,Chelsea,2026-01-07 18:00:00,https://understat.com/match/28984
28985,1,ENG-Premier League,2526,2026-01-07 Manchester City-Brighton,Manchester City,Brighton,2026-01-07 18:00:00,https://understat.com/match/28985
28986,1,ENG-Premier League,2526,2026-01-07 Newcastle United-Leeds,Newcastle United,Leeds,2026-01-07 18:00:00,https://understat.com/match/28986
28987,1,ENG-Premier League,2526,2026-01-07 West Ham-Nottingham Forest,West Ham,Nottingham Forest,2026-01-07 18:00:00,https://understat.com/match/28987
28988,1,ENG-Premier League,2526,2026-01-17 Aston Villa-Everton,Aston Villa,Everton,2026-01-17 13:00:00,https://understat.com/match/28988
28989,1,ENG-Premier League,2526,2026-01-17 Brighton-Bournemouth,Brighton,Bournemouth,2026-01-17 13:00:00,https://understat.com/match/28989
28990,1,ENG-Premier League,2526,2026-01-17 Chelsea-Brentford,Chelsea,Brentford,2026-01-17 13:00:00,https://understat.com/match/28990
28991,1,ENG-Premier League,2526,2026-01-17 Leeds-Fulham,Leeds,Fulham,2026-01-17 13:00:00,https://understat.com/match/28991
28992,1,ENG-Premier League,2526,2026-01-17 Liverpool-Burnley,Liverpool,Burnley,2026-01-17 13:00:00,https://understat.com/match/28992
28993,1,ENG-Premier League,2526,2026-01-17 Manchester United-Manchester City,Manchester United,Manchester City,2026-01-17 13:00:00,https://understat.com/match/28993
28994,1,ENG-Premier League,2526,2026-01-17 Nottingham Forest-Arsenal,Nottingham Forest,Arsenal,2026-01-17 13:00:00,https://understat.com/match/28994
28995,1,ENG-Premier League,2526,2026-01-17 Sunderland-Crystal Palace,Sunderland,Crystal Palace,2026-01-17 13:00:00,https://understat.com/match/28995
28996,1,ENG-Premier League,2526,2026-01-17 Tottenham-West Ham,Tottenham,West Ham,2026-01-17 13:00:00,https://understat.com/match/28996
28997,1,ENG-Premier League,2526,2026-01-17 Wolverhampton Wanderers-Newcastle United,Wolverhampton Wanderers,Newcastle United,2026-01-17 13:00:00,https://understat.com/match/28997
28999,1,ENG-Premier League,2526,2026-01-24 Arsenal-Manchester United,Arsenal,Manchester United,2026-01-24 13:00:00,https://understat.com/match/28999
28998,1,ENG-Premier League,2526,2026-01-24 Bournemouth-Liverpool,Bournemouth,Liverpool,2026-01-24 13:00:00,https://understat.com/match/28998
29000,1,ENG-Premier League,2526,2026-01-24 Brentford-Nottingham Forest,Brentford,Nottingham Forest,2026-01-24 13:00:00,https://understat.com/match/29000
29001,1,ENG-Premier League,2526,2026-01-24 Burnley-Tottenham,Burnley,Tottenham,2026-01-24 13:00:00,https://understat.com/match/29001
29002,1,ENG-Premier League,2526,2026-01-24 Crystal Palace-Chelsea,Crystal Palace,Chelsea,2026-01-24 13:00:00,https://understat.com/match/29002
29003,1,ENG-Premier League,2526,2026-01-24 Everton-Leeds,Everton,Leeds,2026-01-24 13:00:00,https://understat.com/match/29003
29004,1,ENG-Premier League,2526,2026-01-24 Fulham-Brighton,Fulham,Brighton,2026-01-24 13:00:00,https://understat.com/match/29004
29005,1,ENG-Premier League,2526,2026-01-24 Manchester City-Wolverhampton Wanderers,Manchester City,Wolverhampton Wanderers,2026-01-24 13:00:00,https://understat.com/match/29005
29006,1,ENG-Premier League,2526,2026-01-24 Newcastle United-Aston Villa,Newcastle United,Aston Villa,2026-01-24 13:00:00,https://understat.com/match/29006
29007,1,ENG-Premier League,2526,2026-01-24 West Ham-Sunderland,West Ham,Sunderland,2026-01-24 13:00:00,https://understat.com/match/29007
29008,1,ENG-Premier League,2526,2026-01-31 Aston Villa-Brentford,Aston Villa,Brentford,2026-01-31 13:00:00,https://understat.com/match/29008
29010,1,ENG-Premier League,2526,2026-01-31 Brighton-Everton,Brighton,Everton,2026-01-31 13:00:00,https://understat.com/match/29010
29009,1,ENG-Premier League,2526,2026-01-31 Chelsea-West Ham,Chelsea,West Ham,2026-01-31 13:00:00,https://understat.com/match/29009
29015,1,ENG-Premier League,2526,2026-01-31 Leeds-Arsenal,Leeds,Arsenal,2026-01-31 13:00:00,https://understat.com/match/29015
29014,1,ENG-Premier League,2526,2026-01-31 Liverpool-Newcastle United,Liverpool,Newcastle United,2026-01-31 13:00:00,https://understat.com/match/29014
29012,1,ENG-Premier League,2526,2026-01-31 Manchester United-Fulham,Manchester United,Fulham,2026-01-31 13:00:00,https://understat.com/match/29012
29013,1,ENG-Premier League,2526,2026-01-31 Nottingham Forest-Crystal Palace,Nottingham Forest,Crystal Palace,2026-01-31 13:00:00,https://understat.com/match/29013
29011,1,ENG-Premier League,2526,2026-01-31 Sunderland-Burnley,Sunderland,Burnley,2026-01-31 13:00:00,https://understat.com/match/29011
29016,1,ENG-Premier League,2526,2026-01-31 Tottenham-Manchester City,Tottenham,Manchester City,2026-01-31 13:00:00,https://understat.com/match/29016
29017,1,ENG-Premier League,2526,2026-01-31 Wolverhampton Wanderers-Bournemouth,Wolverhampton Wanderers,Bournemouth,2026-01-31 13:00:00,https://understat.com/match/29017
29019,1,ENG-Premier League,2526,2026-02-07 Arsenal-Sunderland,Arsenal,Sunderland,2026-02-07 13:00:00,https://understat.com/match/29019
29018,1,ENG-Premier League,2526,2026-02-07 Bournemouth-Aston Villa,Bournemouth,Aston Villa,2026-02-07 13:00:00,https://understat.com/match/29018
29020,1,ENG-Premier League,2526,2026-02-07 Brighton-Crystal Palace,Brighton,Crystal Palace,2026-02-07 13:00:00,https://understat.com/match/29020
29021,1,ENG-Premier League,2526,2026-02-07 Burnley-West Ham,Burnley,West Ham,2026-02-07 13:00:00,https://understat.com/match/29021
29022,1,ENG-Premier League,2526,2026-02-07 Fulham-Everton,Fulham,Everton,2026-02-07 13:00:00,https://understat.com/match/29022
29023,1,ENG-Premier League,2526,2026-02-07 Leeds-Nottingham Forest,Leeds,Nottingham Forest,2026-02-07 13:00:00,https://understat.com/match/29023
29024,1,ENG-Premier League,2526,2026-02-07 Liverpool-Manchester City,Liverpool,Manchester City,2026-02-07 13:00:00,https://understat.com/match/29024
29025,1,ENG-Premier League,2526,2026-02-07 Manchester United-Tottenham,Manchester United,Tottenham,2026-02-07 13:00:00,https://understat.com/match/29025
29026,1,ENG-Premier League,2526,2026-02-07 Newcastle United-Brentford,Newcastle United,Brentford,2026-02-07 13:00:00,https://understat.com/match/29026
29027,1,ENG-Premier League,2526,2026-02-07 Wolverhampton Wanderers-Chelsea,Wolverhampton Wanderers,Chelsea,2026-02-07 13:00:00,https://understat.com/match/29027
29028,1,ENG-Premier League,2526,2026-02-11 Aston Villa-Brighton,Aston Villa,Brighton,2026-02-11 18:00:00,https://understat.com/match/29028
29029,1,ENG-Premier League,2526,2026-02-11 Brentford-Arsenal,Brentford,Arsenal,2026-02-11 18:00:00,https://understat.com/match/29029
29030,1,ENG-Premier League,2526,2026-02-11 Chelsea-Leeds,Chelsea,Leeds,2026-02-11 18:00:00,https://understat.com/match/29030
29031,1,ENG-Premier League,2526,2026-02-11 Crystal Palace-Burnley,Crystal Palace,Burnley,2026-02-11 18:00:00,https://understat.com/match/29031
29032,1,ENG-Premier League,2526,2026-02-11 Everton-Bournemouth,Everton,Bournemouth,2026-02-11 18:00:00,https://understat.com/match/29032
29033,1,ENG-Premier League,2526,2026-02-11 Manchester City-Fulham,Manchester City,Fulham,2026-02-11 18:00:00,https://understat.com/match/29033
29034,1,ENG-Premier League,2526,2026-02-11 Nottingham Forest-Wolverhampton Wanderers,Nottingham Forest,Wolverhampton Wanderers,2026-02-11 18:00:00,https://understat.com/match/29034
29035,1,ENG-Premier League,2526,2026-02-11 Sunderland-Liverpool,Sunderland,Liverpool,2026-02-11 18:00:00,https://understat.com/match/29035
29036,1,ENG-Premier League,2526,2026-02-11 Tottenham-Newcastle United,Tottenham,Newcastle United,2026-02-11 18:00:00,https://understat.com/match/29036
29037,1,ENG-Premier League,2526,2026-02-11 West Ham-Manchester United,West Ham,Manchester United,2026-02-11 18:00:00,https://understat.com/match/29037
29038,1,ENG-Premier League,2526,2026-02-21 Aston Villa-Leeds,Aston Villa,Leeds,2026-02-21 13:00:00,https://understat.com/match/29038
29039,1,ENG-Premier League,2526,2026-02-21 Brentford-Brighton,Brentford,Brighton,2026-02-21 13:00:00,https://understat.com/match/29039
29040,1,ENG-Premier League,2526,2026-02-21 Chelsea-Burnley,Chelsea,Burnley,2026-02-21 13:00:00,https://understat.com/match/29040
29041,1,ENG-Premier League,2526,2026-02-21 Crystal Palace-Wolverhampton Wanderers,Crystal Palace,Wolverhampton Wanderers,2026-02-21 13:00:00,https://understat.com/match/29041
29042,1,ENG-Premier League,2526,2026-02-21 Everton-Manchester United,Everton,Manchester United,2026-02-21 13:00:00,https://understat.com/match/29042
29043,1,ENG-Premier League,2526,2026-02-21 Manchester City-Newcastle United,Manchester City,Newcastle United,2026-02-21 13:00:00,https://understat.com/match/29043
29044,1,ENG-Premier League,2526,2026-02-21 Nottingham Forest-Liverpool,Nottingham Forest,Liverpool,2026-02-21 13:00:00,https://understat.com/match/29044
29045,1,ENG-Premier League,2526,2026-02-21 Sunderland-Fulham,Sunderland,Fulham,2026-02-21 13:00:00,https://understat.com/match/29045
29046,1,ENG-Premier League,2526,2026-02-21 Tottenham-Arsenal,Tottenham,Arsenal,2026-02-21 13:00:00,https://understat.com/match/29046
29047,1,ENG-Premier League,2526,2026-02-21 West Ham-Bournemouth,West Ham,Bournemouth,2026-02-21 13:00:00,https://understat.com/match/29047
29049,1,ENG-Premier League,2526,2026-02-28 Arsenal-Chelsea,Arsenal,Chelsea,2026-02-28 13:00:00,https://understat.com/match/29049
29048,1,ENG-Premier League,2526,2026-02-28 Bournemouth-Sunderland,Bournemouth,Sunderland,2026-02-28 13:00:00,https://understat.com/match/29048
29050,1,ENG-Premier League,2526,2026-02-28 Brighton-Nottingham Forest,Brighton,Nottingham Forest,2026-02-28 13:00:00,https://understat.com/match/29050
29051,1,ENG-Premier League,2526,2026-02-28 Burnley-Brentford,Burnley,Brentford,2026-02-28 13:00:00,https://understat.com/match/29051
29052,1,ENG-Premier League,2526,2026-02-28 Fulham-Tottenham,Fulham,Tottenham,2026-02-28 13:00:00,https://understat.com/match/29052
29053,1,ENG-Premier League,2526,2026-02-28 Leeds-Manchester City,Leeds,Manchester City,2026-02-28 13:00:00,https://understat.com/match/29053
29054,1,ENG-Premier League,2526,2026-02-28 Liverpool-West Ham,Liverpool,West Ham,2026-02-28 13:00:00,https://understat.com/match/29054
29055,1,ENG-Premier League,2526,2026-02-28 Manchester United-Crystal Palace,Manchester United,Crystal Palace,2026-02-28 13:00:00,https://understat.com/match/29055
29056,1,ENG-Premier League,2526,2026-02-28 Newcastle United-Everton,Newcastle United,Everton,2026-02-28 13:00:00,https://understat.com/match/29056
29057,1,ENG-Premier League,2526,2026-02-28 Wolverhampton Wanderers-Aston Villa,Wolverhampton Wanderers,Aston Villa,2026-02-28 13:00:00,https://understat.com/match/29057
29059,1,ENG-Premier League,2526,2026-03-04 Aston Villa-Chelsea,Aston Villa,Chelsea,2026-03-04 18:00:00,https://understat.com/match/29059
29058,1,ENG-Premier League,2526,2026-03-04 Bournemouth-Brentford,Bournemouth,Brentford,2026-03-04 18:00:00,https://understat.com/match/29058
29060,1,ENG-Premier League,2526,2026-03-04 Brighton-Arsenal,Brighton,Arsenal,2026-03-04 18:00:00,https://understat.com/match/29060
29061,1,ENG-Premier League,2526,2026-03-04 Everton-Burnley,Everton,Burnley,2026-03-04 18:00:00,https://understat.com/match/29061
29062,1,ENG-Premier League,2526,2026-03-04 Fulham-West Ham,Fulham,West Ham,2026-03-04 18:00:00,https://understat.com/match/29062
29063,1,ENG-Premier League,2526,2026-03-04 Leeds-Sunderland,Leeds,Sunderland,2026-03-04 18:00:00,https://understat.com/match/29063
29064,1,ENG-Premier League,2526,2026-03-04 Manchester City-Nottingham Forest,Manchester City,Nottingham Forest,2026-03-04 18:00:00,https://understat.com/match/29064
29065,1,ENG-Premier League,2526,2026-03-04 Newcastle United-Manchester United,Newcastle United,Manchester United,2026-03-04 18:00:00,https://understat.com/match/29065
29066,1,ENG-Premier League,2526,2026-03-04 Tottenham-Crystal Palace,Tottenham,Crystal Palace,2026-03-04 18:00:00,https://understat.com/match/29066
29067,1,ENG-Premier League,2526,2026-03-04 Wolverhampton Wanderers-Liverpool,Wolverhampton Wanderers,Liverpool,2026-03-04 18:00:00,https://understat.com/match/29067
29068,1,ENG-Premier League,2526,2026-03-14 Arsenal-Everton,Arsenal,Everton,2026-03-14 13:00:00,https://understat.com/match/29068
29069,1,ENG-Premier League,2526,2026-03-14 Brentford-Wolverhampton Wanderers,Brentford,Wolverhampton Wanderers,2026-03-14 13:00:00,https://understat.com/match/29069
29070,1,ENG-Premier League,2526,2026-03-14 Burnley-Bournemouth,Burnley,Bournemouth,2026-03-14 13:00:00,https://understat.com/match/29070
29071,1,ENG-Premier League,2526,2026-03-14 Chelsea-Newcastle United,Chelsea,Newcastle United,2026-03-14 13:00:00,https://understat.com/match/29071
29072,1,ENG-Premier League,2526,2026-03-14 Crystal Palace-Leeds,Crystal Palace,Leeds,2026-03-14 13:00:00,https://understat.com/match/29072
29073,1,ENG-Premier League,2526,2026-03-14 Liverpool-Tottenham,Liverpool,Tottenham,2026-03-14 13:00:00,https://understat.com/match/29073
29074,1,ENG-Premier League,2526,2026-03-14 Manchester United-Aston Villa,Manchester United,Aston Villa,2026-03-14 13:00:00,https://understat.com/match/29074
29075,1,ENG-Premier League,2526,2026-03-14 Nottingham Forest-Fulham,Nottingham Forest,Fulham,2026-03-14 13:00:00,https://understat.com/match/29075
29076,1,ENG-Premier League,2526,2026-03-14 Sunderland-Brighton,Sunderland,Brighton,2026-03-14 13:00:00,https://understat.com/match/29076
29077,1,ENG-Premier League,2526,2026-03-14 West Ham-Manchester City,West Ham,Manchester City,2026-03-14 13:00:00,https://understat.com/match/29077
29079,1,ENG-Premier League,2526,2026-03-21 Aston Villa-West Ham,Aston Villa,West Ham,2026-03-21 13:00:00,https://understat.com/match/29079
29078,1,ENG-Premier League,2526,2026-03-21 Bournemouth-Manchester United,Bournemouth,Manchester United,2026-03-21 13:00:00,https://understat.com/match/29078
29080,1,ENG-Premier League,2526,2026-03-21 Brighton-Liverpool,Brighton,Liverpool,2026-03-21 13:00:00,https://understat.com/match/29080
29081,1,ENG-Premier League,2526,2026-03-21 Everton-Chelsea,Everton,Chelsea,2026-03-21 13:00:00,https://understat.com/match/29081
29082,1,ENG-Premier League,2526,2026-03-21 Fulham-Burnley,Fulham,Burnley,2026-03-21 13:00:00,https://understat.com/match/29082
29083,1,ENG-Premier League,2526,2026-03-21 Leeds-Brentford,Leeds,Brentford,2026-03-21 13:00:00,https://understat.com/match/29083
29084,1,ENG-Premier League,2526,2026-03-21 Manchester City-Crystal Palace,Manchester City,Crystal Palace,2026-03-21 13:00:00,https://understat.com/match/29084
29085,1,ENG-Premier League,2526,2026-03-21 Newcastle United-Sunderland,Newcastle United,Sunderland,2026-03-21 13:00:00,https://understat.com/match/29085
29086,1,ENG-Premier League,2526,2026-03-21 Tottenham-Nottingham Forest,Tottenham,Nottingham Forest,2026-03-21 13:00:00,https://understat.com/match/29086
29087,1,ENG-Premier League,2526,2026-03-21 Wolverhampton Wanderers-Arsenal,Wolverhampton Wanderers,Arsenal,2026-03-21 13:00:00,https://understat.com/match/29087
29092,1,ENG-Premier League,2526,2026-04-11 Arsenal-Bournemouth,Arsenal,Bournemouth,2026-04-11 13:00:00,https://understat.com/match/29092
29093,1,ENG-Premier League,2526,2026-04-11 Brentford-Everton,Brentford,Everton,2026-04-11 13:00:00,https://understat.com/match/29093
29094,1,ENG-Premier League,2526,2026-04-11 Burnley-Brighton,Burnley,Brighton,2026-04-11 13:00:00,https://understat.com/match/29094
29095,1,ENG-Premier League,2526,2026-04-11 Chelsea-Manchester City,Chelsea,Manchester City,2026-04-11 13:00:00,https://understat.com/match/29095
29096,1,ENG-Premier League,2526,2026-04-11 Crystal Palace-Newcastle United,Crystal Palace,Newcastle United,2026-04-11 13:00:00,https://understat.com/match/29096
29097,1,ENG-Premier League,2526,2026-04-11 Liverpool-Fulham,Liverpool,Fulham,2026-04-11 13:00:00,https://understat.com/match/29097
29088,1,ENG-Premier League,2526,2026-04-11 Manchester United-Leeds,Manchester United,Leeds,2026-04-11 13:00:00,https://understat.com/match/29088
29089,1,ENG-Premier League,2526,2026-04-11 Nottingham Forest-Aston Villa,Nottingham Forest,Aston Villa,2026-04-11 13:00:00,https://understat.com/match/29089
29090,1,ENG-Premier League,2526,2026-04-11 Sunderland-Tottenham,Sunderland,Tottenham,2026-04-11 13:00:00,https://understat.com/match/29090
29091,1,ENG-Premier League,2526,2026-04-11 West Ham-Wolverhampton Wanderers,West Ham,Wolverhampton Wanderers,2026-04-11 13:00:00,https://understat.com/match/29091
29098,1,ENG-Premier League,2526,2026-04-18 Aston Villa-Sunderland,Aston Villa,Sunderland,2026-04-18 13:00:00,https://understat.com/match/29098
29099,1,ENG-Premier League,2526,2026-04-18 Brentford-Fulham,Brentford,Fulham,2026-04-18 13:00:00,https://understat.com/match/29099
29100,1,ENG-Premier League,2526,2026-04-18 Chelsea-Manchester United,Chelsea,Manchester United,2026-04-18 13:00:00,https://understat.com/match/29100
29101,1,ENG-Premier League,2526,2026-04-18 Crystal Palace-West Ham,Crystal Palace,West Ham,2026-04-18 13:00:00,https://understat.com/match/29101
29102,1,ENG-Premier League,2526,2026-04-18 Everton-Liverpool,Everton,Liverpool,2026-04-18 13:00:00,https://understat.com/match/29102
29103,1,ENG-Premier League,2526,2026-04-18 Leeds-Wolverhampton Wanderers,Leeds,Wolverhampton Wanderers,2026-04-18 13:00:00,https://understat.com/match/29103
29104,1,ENG-Premier League,2526,2026-04-18 Manchester City-Arsenal,Manchester City,Arsenal,2026-04-18 13:00:00,https://understat.com/match/29104
29105,1,ENG-Premier League,2526,2026-04-18 Newcastle United-Bournemouth,Newcastle United,Bournemouth,2026-04-18 13:00:00,https://understat.com/match/29105
29106,1,ENG-Premier League,2526,2026-04-18 Nottingham Forest-Burnley,Nottingham Forest,Burnley,2026-04-18 13:00:00,https://understat.com/match/29106
29107,1,ENG-Premier League,2526,2026-04-18 Tottenham-Brighton,Tottenham,Brighton,2026-04-18 13:00:00,https://understat.com/match/29107
29109,1,ENG-Premier League,2526,2026-04-25 Arsenal-Newcastle United,Arsenal,Newcastle United,2026-04-25 13:00:00,https://understat.com/match/29109
29108,1,ENG-Premier League,2526,2026-04-25 Bournemouth-Leeds,Bournemouth,Leeds,2026-04-25 13:00:00,https://understat.com/match/29108
29110,1,ENG-Premier League,2526,2026-04-25 Brighton-Chelsea,Brighton,Chelsea,2026-04-25 13:00:00,https://understat.com/match/29110
29111,1,ENG-Premier League,2526,2026-04-25 Burnley-Manchester City,Burnley,Manchester City,2026-04-25 13:00:00,https://understat.com/match/29111
29112,1,ENG-Premier League,2526,2026-04-25 Fulham-Aston Villa,Fulham,Aston Villa,2026-04-25 13:00:00,https://understat.com/match/29112
29113,1,ENG-Premier League,2526,2026-04-25 Liverpool-Crystal Palace,Liverpool,Crystal Palace,2026-04-25 13:00:00,https://understat.com/match/29113
29114,1,ENG-Premier League,2526,2026-04-25 Manchester United-Brentford,Manchester United,Brentford,2026-04-25 13:00:00,https://understat.com/match/29114
29115,1,ENG-Premier League,2526,2026-04-25 Sunderland-Nottingham Forest,Sunderland,Nottingham Forest,2026-04-25 13:00:00,https://understat.com/match/29115
29116,1,ENG-Premier League,2526,2026-04-25 West Ham-Everton,West Ham,Everton,2026-04-25 13:00:00,https://understat.com/match/29116
29117,1,ENG-Premier League,2526,2026-04-25 Wolverhampton Wanderers-Tottenham,Wolverhampton Wanderers,Tottenham,2026-04-25 13:00:00,https://understat.com/match/29117
29119,1,ENG-Premier League,2526,2026-05-02 Arsenal-Fulham,Arsenal,Fulham,2026-05-02 13:00:00,https://understat.com/match/29119
29120,1,ENG-Premier League,2526,2026-05-02 Aston Villa-Tottenham,Aston Villa,Tottenham,2026-05-02 13:00:00,https://understat.com/match/29120
29118,1,ENG-Premier League,2526,2026-05-02 Bournemouth-Crystal Palace,Bournemouth,Crystal Palace,2026-05-02 13:00:00,https://understat.com/match/29118
29121,1,ENG-Premier League,2526,2026-05-02 Brentford-West Ham,Brentford,West Ham,2026-05-02 13:00:00,https://understat.com/match/29121
29122,1,ENG-Premier League,2526,2026-05-02 Chelsea-Nottingham Forest,Chelsea,Nottingham Forest,2026-05-02 13:00:00,https://understat.com/match/29122
29123,1,ENG-Premier League,2526,2026-05-02 Everton-Manchester City,Everton,Manchester City,2026-05-02 13:00:00,https://understat.com/match/29123
29124,1,ENG-Premier League,2526,2026-05-02 Leeds-Burnley,Leeds,Burnley,2026-05-02 13:00:00,https://understat.com/match/29124
29125,1,ENG-Premier League,2526,2026-05-02 Manchester United-Liverpool,Manchester United,Liverpool,2026-05-02 13:00:00,https://understat.com/match/29125
29126,1,ENG-Premier League,2526,2026-05-02 Newcastle United-Brighton,Newcastle United,Brighton,2026-05-02 13:00:00,https://understat.com/match/29126
29127,1,ENG-Premier League,2526,2026-05-02 Wolverhampton Wanderers-Sunderland,Wolverhampton Wanderers,Sunderland,2026-05-02 13:00:00,https://understat.com/match/29127
29128,1,ENG-Premier League,2526,2026-05-09 Brighton-Wolverhampton Wanderers,Brighton,Wolverhampton Wanderers,2026-05-09 13:00:00,https://understat.com/match/29128
29129,1,ENG-Premier League,2526,2026-05-09 Burnley-Aston Villa,Burnley,Aston Villa,2026-05-09 13:00:00,https://understat.com/match/29129
29130,1,ENG-Premier League,2526,2026-05-09 Crystal Palace-Everton,Crystal Palace,Everton,2026-05-09 13:00:00,https://understat.com/match/29130
29131,1,ENG-Premier League,2526,2026-05-09 Fulham-Bournemouth,Fulham,Bournemouth,2026-05-09 13:00:00,https://understat.com/match/29131
29132,1,ENG-Premier League,2526,2026-05-09 Liverpool-Chelsea,Liverpool,Chelsea,2026-05-09 13:00:00,https://understat.com/match/29132
29133,1,ENG-Premier League,2526,2026-05-09 Manchester City-Brentford,Manchester City,Brentford,2026-05-09 13:00:00,https://understat.com/match/29133
29134,1,ENG-Premier League,2526,2026-05-09 Nottingham Forest-Newcastle United,Nottingham Forest,Newcastle United,2026-05-09 13:00:00,https://understat.com/match/29134
29135,1,ENG-Premier League,2526,2026-05-09 Sunderland-Manchester United,Sunderland,Manchester United,2026-05-09 13:00:00,https://understat.com/match/29135
29136,1,ENG-Premier League,2526,2026-05-09 Tottenham-Leeds,Tottenham,Leeds,2026-05-09 13:00:00,https://understat.com/match/29136
29137,1,ENG-Premier League,2526,2026-05-09 West Ham-Arsenal,West Ham,Arsenal,2026-05-09 13:00:00,https://understat.com/match/29137
29139,1,ENG-Premier League,2526,2026-05-17 Arsenal-Burnley,Arsenal,Burnley,2026-05-17 13:00:00,https://understat.com/match/29139
29140,1,ENG-Premier League,2526,2026-05-17 Aston Villa-Liverpool,Aston Villa,Liverpool,2026-05-17 13:00:00,https://understat.com/match/29140
29138,1,ENG-Premier League,2526,2026-05-17 Bournemouth-Manchester City,Bournemouth,Manchester City,2026-05-17 13:00:00,https://understat.com/match/29138
29141,1,ENG-Premier League,2526,2026-05-17 Brentford-Crystal Palace,Brentford,Crystal Palace,2026-05-17 13:00:00,https://understat.com/match/29141
29142,1,ENG-Premier League,2526,2026-05-17 Chelsea-Tottenham,Chelsea,Tottenham,2026-05-17 13:00:00,https://understat.com/match/29142
29143,1,ENG-Premier League,2526,2026-05-17 Everton-Sunderland,Everton,Sunderland,2026-05-17 13:00:00,https://understat.com/match/29143
29144,1,ENG-Premier League,2526,2026-05-17 Leeds-Brighton,Leeds,Brighton,2026-05-17 13:00:00,https://understat.com/match/29144
29145,1,ENG-Premier League,2526,2026-05-17 Manchester United-Nottingham Forest,Manchester United,Nottingham Forest,2026-05-17 13:00:00,https://understat.com/match/29145
29146,1,ENG-Premier League,2526,2026-05-17 Newcastle United-West Ham,Newcastle United,West Ham,2026-05-17 13:00:00,https://understat.com/match/29146
29147,1,ENG-Premier League,2526,2026-05-17 Wolverhampton Wanderers-Fulham,Wolverhampton Wanderers,Fulham,2026-05-17 13:00:00,https://understat.com/match/29147
29148,1,ENG-Premier League,2526,2026-05-24 Brighton-Manchester United,Brighton,Manchester United,2026-05-24 14:00:00,https://understat.com/match/29148
29149,1,ENG-Premier League,2526,2026-05-24 Burnley-Wolverhampton Wanderers,Burnley,Wolverhampton Wanderers,2026-05-24 14:00:00,https://understat.com/match/29149
29150,1,ENG-Premier League,2526,2026-05-24 Crystal Palace-Arsenal,Crystal Palace,Arsenal,2026-05-24 14:00:00,https://understat.com/match/29150
29151,1,ENG-Premier League,2526,2026-05-24 Fulham-Newcastle United,Fulham,Newcastle United,2026-05-24 14:00:00,https://understat.com/match/29151
29152,1,ENG-Premier League,2526,2026-05-24 Liverpool-Brentford,Liverpool,Brentford,2026-05-24 14:00:00,https://understat.com/match/29152
29153,1,ENG-Premier League,2526,2026-05-24 Manchester City-Aston Villa,Manchester City,Aston Villa,2026-05-24 14:00:00,https://understat.com/match/29153
29154,1,ENG-Premier League,2526,2026-05-24 Nottingham Forest-Bournemouth,Nottingham Forest,Bournemouth,2026-05-24 14:00:00,https://understat.com/match/29154
29155,1,ENG-Premier League,2526,2026-05-24 Sunderland-Chelsea,Sunderland,Chelsea,2026-05-24 14:00:00,https://understat.com/match/29155
29156,1,ENG-Premier League,2526,2026-05-24 Tottenham-Everton,Tottenham,Everton,2026-05-24 14:00:00,https://understat.com/match/29156
29157,1,ENG-Premier League,2526,2026-05-24 West Ham-Leeds,West Ham,Leeds,2026-05-24 14:00:00,https://understat.com/match/29157
29158,4,ESP-La Liga,2526,2025-08-15 Girona-Rayo Vallecano,Girona,Rayo Vallecano,2025-08-15 17:00:00,https://understat.com/match/29158
29159,4,ESP-La Liga,2526,2025-08-15 Villarreal-Real Oviedo,Villarreal,Real Oviedo,2025-08-15 19:30:00,https://understat.com/match/29159
29161,4,ESP-La Liga,2526,2025-08-16 Alaves-Levante,Alaves,Levante,2025-08-16 19:30:00,https://understat.com/match/29161
29160,4,ESP-La Liga,2526,2025-08-16 Mallorca-Barcelona,Mallorca,Barcelona,2025-08-16 17:30:00,https://understat.com/match/29160
29162,4,ESP-La Liga,2526,2025-08-16 Valencia-Real Sociedad,Valencia,Real Sociedad,2025-08-16 19:30:00,https://understat.com/match/29162
29164,4,ESP-La Liga,2526,2025-08-17 Athletic Club-Sevilla,Athletic Club,Sevilla,2025-08-17 17:30:00,https://understat.com/match/29164
29163,4,ESP-La Liga,2526,2025-08-17 Celta Vigo-Getafe,Celta Vigo,Getafe,2025-08-17 15:00:00,https://understat.com/match/29163
29165,4,ESP-La Liga,2526,2025-08-17 Espanyol-Atletico Madrid,Espanyol,Atletico Madrid,2025-08-17 19:30:00,https://understat.com/match/29165
29166,4,ESP-La Liga,2526,2025-08-18 Elche-Real Betis,Elche,Real Betis,2025-08-18 19:00:00,https://understat.com/match/29166
29167,4,ESP-La Liga,2526,2025-08-19 Real Madrid-Osasuna,Real Madrid,Osasuna,2025-08-19 19:00:00,https://understat.com/match/29167
29168,4,ESP-La Liga,2526,2025-08-22 Real Betis-Alaves,Real Betis,Alaves,2025-08-22 19:30:00,https://understat.com/match/29168
29170,4,ESP-La Liga,2526,2025-08-23 Atletico Madrid-Elche,Atletico Madrid,Elche,2025-08-23 17:30:00,https://understat.com/match/29170
29171,4,ESP-La Liga,2526,2025-08-23 Levante-Barcelona,Levante,Barcelona,2025-08-23 19:30:00,https://understat.com/match/29171
29169,4,ESP-La Liga,2526,2025-08-23 Mallorca-Celta Vigo,Mallorca,Celta Vigo,2025-08-23 15:00:00,https://understat.com/match/29169
29172,4,ESP-La Liga,2526,2025-08-24 Osasuna-Valencia,Osasuna,Valencia,2025-08-24 15:00:00,https://understat.com/match/29172
29175,4,ESP-La Liga,2526,2025-08-24 Real Oviedo-Real Madrid,Real Oviedo,Real Madrid,2025-08-24 19:30:00,https://understat.com/match/29175
29174,4,ESP-La Liga,2526,2025-08-24 Real Sociedad-Espanyol,Real Sociedad,Espanyol,2025-08-24 17:30:00,https://understat.com/match/29174
29173,4,ESP-La Liga,2526,2025-08-24 Villarreal-Girona,Villarreal,Girona,2025-08-24 17:30:00,https://understat.com/match/29173
29176,4,ESP-La Liga,2526,2025-08-25 Athletic Club-Rayo Vallecano,Athletic Club,Rayo Vallecano,2025-08-25 17:30:00,https://understat.com/match/29176
29177,4,ESP-La Liga,2526,2025-08-25 Sevilla-Getafe,Sevilla,Getafe,2025-08-25 19:30:00,https://understat.com/match/29177
29178,4,ESP-La Liga,2526,2025-08-27 Celta Vigo-Real Betis,Celta Vigo,Real Betis,2025-08-27 19:00:00,https://understat.com/match/29178
29179,4,ESP-La Liga,2526,2025-08-29 Elche-Levante,Elche,Levante,2025-08-29 17:30:00,https://understat.com/match/29179
29180,4,ESP-La Liga,2526,2025-08-29 Valencia-Getafe,Valencia,Getafe,2025-08-29 19:30:00,https://understat.com/match/29180
29181,4,ESP-La Liga,2526,2025-08-30 Alaves-Atletico Madrid,Alaves,Atletico Madrid,2025-08-30 15:00:00,https://understat.com/match/29181
29183,4,ESP-La Liga,2526,2025-08-30 Girona-Sevilla,Girona,Sevilla,2025-08-30 17:30:00,https://understat.com/match/29183
29184,4,ESP-La Liga,2526,2025-08-30 Real Madrid-Mallorca,Real Madrid,Mallorca,2025-08-30 19:30:00,https://understat.com/match/29184
29182,4,ESP-La Liga,2526,2025-08-30 Real Oviedo-Real Sociedad,Real Oviedo,Real Sociedad,2025-08-30 17:00:00,https://understat.com/match/29182
29185,4,ESP-La Liga,2526,2025-08-31 Celta Vigo-Villarreal,Celta Vigo,Villarreal,2025-08-31 15:00:00,https://understat.com/match/29185
29187,4,ESP-La Liga,2526,2025-08-31 Espanyol-Osasuna,Espanyol,Osasuna,2025-08-31 17:30:00,https://understat.com/match/29187
29188,4,ESP-La Liga,2526,2025-08-31 Rayo Vallecano-Barcelona,Rayo Vallecano,Barcelona,2025-08-31 19:30:00,https://understat.com/match/29188
29186,4,ESP-La Liga,2526,2025-08-31 Real Betis-Athletic Club,Real Betis,Athletic Club,2025-08-31 17:00:00,https://understat.com/match/29186
29189,4,ESP-La Liga,2526,2025-09-12 Sevilla-Elche,Sevilla,Elche,2025-09-12 19:00:00,https://understat.com/match/29189
29196,4,ESP-La Liga,2526,2025-09-13 Athletic Club-Alaves,Athletic Club,Alaves,2025-09-13 16:30:00,https://understat.com/match/29196
29193,4,ESP-La Liga,2526,2025-09-13 Atletico Madrid-Villarreal,Atletico Madrid,Villarreal,2025-09-13 19:00:00,https://understat.com/match/29193
29190,4,ESP-La Liga,2526,2025-09-13 Getafe-Real Oviedo,Getafe,Real Oviedo,2025-09-13 12:00:00,https://understat.com/match/29190
29195,4,ESP-La Liga,2526,2025-09-13 Real Sociedad-Real Madrid,Real Sociedad,Real Madrid,2025-09-13 14:15:00,https://understat.com/match/29195
29194,4,ESP-La Liga,2526,2025-09-14 Barcelona-Valencia,Barcelona,Valencia,2025-09-14 19:00:00,https://understat.com/match/29194
29192,4,ESP-La Liga,2526,2025-09-14 Celta Vigo-Girona,Celta Vigo,Girona,2025-09-14 12:00:00,https://understat.com/match/29192
29191,4,ESP-La Liga,2526,2025-09-14 Levante-Real Betis,Levante,Real Betis,2025-09-14 14:15:00,https://understat.com/match/29191
29197,4,ESP-La Liga,2526,2025-09-14 Osasuna-Rayo Vallecano,Osasuna,Rayo Vallecano,2025-09-14 16:30:00,https://understat.com/match/29197
29198,4,ESP-La Liga,2526,2025-09-15 Espanyol-Mallorca,Espanyol,Mallorca,2025-09-15 19:00:00,https://understat.com/match/29198
29200,4,ESP-La Liga,2526,2025-09-19 Real Betis-Real Sociedad,Real Betis,Real Sociedad,2025-09-19 19:00:00,https://understat.com/match/29200
29208,4,ESP-La Liga,2526,2025-09-20 Alaves-Sevilla,Alaves,Sevilla,2025-09-20 16:30:00,https://understat.com/match/29208
29202,4,ESP-La Liga,2526,2025-09-20 Girona-Levante,Girona,Levante,2025-09-20 12:00:00,https://understat.com/match/29202
29206,4,ESP-La Liga,2526,2025-09-20 Real Madrid-Espanyol,Real Madrid,Espanyol,2025-09-20 14:15:00,https://understat.com/match/29206
29203,4,ESP-La Liga,2526,2025-09-20 Valencia-Athletic Club,Valencia,Athletic Club,2025-09-20 19:00:00,https://understat.com/match/29203
29207,4,ESP-La Liga,2526,2025-09-20 Villarreal-Osasuna,Villarreal,Osasuna,2025-09-20 16:30:00,https://understat.com/match/29207
29199,4,ESP-La Liga,2526,2025-09-21 Barcelona-Getafe,Barcelona,Getafe,2025-09-21 19:00:00,https://understat.com/match/29199
29201,4,ESP-La Liga,2526,2025-09-21 Elche-Real Oviedo,Elche,Real Oviedo,2025-09-21 16:30:00,https://understat.com/match/29201
29204,4,ESP-La Liga,2526,2025-09-21 Mallorca-Atletico Madrid,Mallorca,Atletico Madrid,2025-09-21 14:15:00,https://understat.com/match/29204
29205,4,ESP-La Liga,2526,2025-09-21 Rayo Vallecano-Celta Vigo,Rayo Vallecano,Celta Vigo,2025-09-21 12:00:00,https://understat.com/match/29205
29217,4,ESP-La Liga,2526,2025-09-23 Athletic Club-Girona,Athletic Club,Girona,2025-09-23 17:00:00,https://understat.com/match/29217
29209,4,ESP-La Liga,2526,2025-09-23 Espanyol-Valencia,Espanyol,Valencia,2025-09-23 17:00:00,https://understat.com/match/29209
29210,4,ESP-La Liga,2526,2025-09-23 Levante-Real Madrid,Levante,Real Madrid,2025-09-23 19:30:00,https://understat.com/match/29210
29211,4,ESP-La Liga,2526,2025-09-23 Sevilla-Villarreal,Sevilla,Villarreal,2025-09-23 19:30:00,https://understat.com/match/29211
29216,4,ESP-La Liga,2526,2025-09-24 Atletico Madrid-Rayo Vallecano,Atletico Madrid,Rayo Vallecano,2025-09-24 19:30:00,https://understat.com/match/29216
29212,4,ESP-La Liga,2526,2025-09-24 Getafe-Alaves,Getafe,Alaves,2025-09-24 17:00:00,https://understat.com/match/29212
29215,4,ESP-La Liga,2526,2025-09-24 Real Sociedad-Mallorca,Real Sociedad,Mallorca,2025-09-24 19:30:00,https://understat.com/match/29215
29214,4,ESP-La Liga,2526,2025-09-25 Osasuna-Elche,Osasuna,Elche,2025-09-25 17:30:00,https://understat.com/match/29214
29213,4,ESP-La Liga,2526,2025-09-25 Real Oviedo-Barcelona,Real Oviedo,Barcelona,2025-09-25 19:30:00,https://understat.com/match/29213
29227,4,ESP-La Liga,2526,2025-09-26 Girona-Espanyol,Girona,Espanyol,2025-09-26 19:00:00,https://understat.com/match/29227
29219,4,ESP-La Liga,2526,2025-09-27 Atletico Madrid-Real Madrid,Atletico Madrid,Real Madrid,2025-09-27 14:15:00,https://understat.com/match/29219
29222,4,ESP-La Liga,2526,2025-09-27 Getafe-Levante,Getafe,Levante,2025-09-27 12:00:00,https://understat.com/match/29222
29224,4,ESP-La Liga,2526,2025-09-27 Mallorca-Alaves,Mallorca,Alaves,2025-09-27 16:30:00,https://understat.com/match/29224
29225,4,ESP-La Liga,2526,2025-09-27 Villarreal-Athletic Club,Villarreal,Athletic Club,2025-09-27 19:00:00,https://understat.com/match/29225
29220,4,ESP-La Liga,2526,2025-09-28 Barcelona-Real Sociedad,Barcelona,Real Sociedad,2025-09-28 16:30:00,https://understat.com/match/29220
29226,4,ESP-La Liga,2526,2025-09-28 Elche-Celta Vigo,Elche,Celta Vigo,2025-09-28 14:15:00,https://understat.com/match/29226
29223,4,ESP-La Liga,2526,2025-09-28 Rayo Vallecano-Sevilla,Rayo Vallecano,Sevilla,2025-09-28 12:00:00,https://understat.com/match/29223
29221,4,ESP-La Liga,2526,2025-09-28 Real Betis-Osasuna,Real Betis,Osasuna,2025-09-28 19:00:00,https://understat.com/match/29221
29218,4,ESP-La Liga,2526,2025-09-29 Valencia-Real Oviedo,Valencia,Real Oviedo,2025-09-29 19:00:00,https://understat.com/match/29218
29235,4,ESP-La Liga,2526,2025-10-03 Osasuna-Getafe,Osasuna,Getafe,2025-10-03 19:00:00,https://understat.com/match/29235
29229,4,ESP-La Liga,2526,2025-10-04 Athletic Club-Mallorca,Athletic Club,Mallorca,2025-10-04 16:30:00,https://understat.com/match/29229
29230,4,ESP-La Liga,2526,2025-10-04 Girona-Valencia,Girona,Valencia,2025-10-04 14:15:00,https://understat.com/match/29230
29231,4,ESP-La Liga,2526,2025-10-04 Real Madrid-Villarreal,Real Madrid,Villarreal,2025-10-04 19:00:00,https://understat.com/match/29231
29236,4,ESP-La Liga,2526,2025-10-04 Real Oviedo-Levante,Real Oviedo,Levante,2025-10-04 12:00:00,https://understat.com/match/29236
29228,4,ESP-La Liga,2526,2025-10-05 Alaves-Elche,Alaves,Elche,2025-10-05 12:00:00,https://understat.com/match/29228
29232,4,ESP-La Liga,2526,2025-10-05 Celta Vigo-Atletico Madrid,Celta Vigo,Atletico Madrid,2025-10-05 19:00:00,https://understat.com/match/29232
29234,4,ESP-La Liga,2526,2025-10-05 Espanyol-Real Betis,Espanyol,Real Betis,2025-10-05 16:30:00,https://understat.com/match/29234
29237,4,ESP-La Liga,2526,2025-10-05 Real Sociedad-Rayo Vallecano,Real Sociedad,Rayo Vallecano,2025-10-05 16:30:00,https://understat.com/match/29237
29233,4,ESP-La Liga,2526,2025-10-05 Sevilla-Barcelona,Sevilla,Barcelona,2025-10-05 14:15:00,https://understat.com/match/29233
29246,4,ESP-La Liga,2526,2025-10-17 Real Oviedo-Espanyol,Real Oviedo,Espanyol,2025-10-17 19:00:00,https://understat.com/match/29246
29239,4,ESP-La Liga,2526,2025-10-18 Atletico Madrid-Osasuna,Atletico Madrid,Osasuna,2025-10-18 19:00:00,https://understat.com/match/29239
29240,4,ESP-La Liga,2526,2025-10-18 Barcelona-Girona,Barcelona,Girona,2025-10-18 14:15:00,https://understat.com/match/29240
29247,4,ESP-La Liga,2526,2025-10-18 Sevilla-Mallorca,Sevilla,Mallorca,2025-10-18 12:00:00,https://understat.com/match/29247
29245,4,ESP-La Liga,2526,2025-10-18 Villarreal-Real Betis,Villarreal,Real Betis,2025-10-18 16:30:00,https://understat.com/match/29245
29241,4,ESP-La Liga,2526,2025-10-19 Celta Vigo-Real Sociedad,Celta Vigo,Real Sociedad,2025-10-19 14:15:00,https://understat.com/match/29241
29244,4,ESP-La Liga,2526,2025-10-19 Elche-Athletic Club,Elche,Athletic Club,2025-10-19 12:00:00,https://understat.com/match/29244
29242,4,ESP-La Liga,2526,2025-10-19 Getafe-Real Madrid,Getafe,Real Madrid,2025-10-19 19:00:00,https://understat.com/match/29242
29243,4,ESP-La Liga,2526,2025-10-19 Levante-Rayo Vallecano,Levante,Rayo Vallecano,2025-10-19 16:30:00,https://understat.com/match/29243
29238,4,ESP-La Liga,2526,2025-10-20 Alaves-Valencia,Alaves,Valencia,2025-10-20 19:00:00,https://understat.com/match/29238
29248,4,ESP-La Liga,2526,2025-10-26 Athletic Club-Getafe,Athletic Club,Getafe,2025-10-26 15:00:00,https://understat.com/match/29248
29256,4,ESP-La Liga,2526,2025-10-26 Espanyol-Elche,Espanyol,Elche,2025-10-26 15:00:00,https://understat.com/match/29256
29249,4,ESP-La Liga,2526,2025-10-26 Girona-Real Oviedo,Girona,Real Oviedo,2025-10-26 15:00:00,https://understat.com/match/29249
29257,4,ESP-La Liga,2526,2025-10-26 Mallorca-Levante,Mallorca,Levante,2025-10-26 15:00:00,https://understat.com/match/29257
29255,4,ESP-La Liga,2526,2025-10-26 Osasuna-Celta Vigo,Osasuna,Celta Vigo,2025-10-26 15:00:00,https://understat.com/match/29255
29252,4,ESP-La Liga,2526,2025-10-26 Rayo Vallecano-Alaves,Rayo Vallecano,Alaves,2025-10-26 15:00:00,https://understat.com/match/29252
29253,4,ESP-La Liga,2526,2025-10-26 Real Betis-Atletico Madrid,Real Betis,Atletico Madrid,2025-10-26 15:00:00,https://understat.com/match/29253
29254,4,ESP-La Liga,2526,2025-10-26 Real Madrid-Barcelona,Real Madrid,Barcelona,2025-10-26 15:00:00,https://understat.com/match/29254
29250,4,ESP-La Liga,2526,2025-10-26 Real Sociedad-Sevilla,Real Sociedad,Sevilla,2025-10-26 15:00:00,https://understat.com/match/29250
29251,4,ESP-La Liga,2526,2025-10-26 Valencia-Villarreal,Valencia,Villarreal,2025-10-26 15:00:00,https://understat.com/match/29251
29258,4,ESP-La Liga,2526,2025-11-02 Alaves-Espanyol,Alaves,Espanyol,2025-11-02 14:00:00,https://understat.com/match/29258
29259,4,ESP-La Liga,2526,2025-11-02 Atletico Madrid-Sevilla,Atletico Madrid,Sevilla,2025-11-02 14:00:00,https://understat.com/match/29259
29260,4,ESP-La Liga,2526,2025-11-02 Barcelona-Elche,Barcelona,Elche,2025-11-02 14:00:00,https://understat.com/match/29260
29262,4,ESP-La Liga,2526,2025-11-02 Getafe-Girona,Getafe,Girona,2025-11-02 14:00:00,https://understat.com/match/29262
29265,4,ESP-La Liga,2526,2025-11-02 Levante-Celta Vigo,Levante,Celta Vigo,2025-11-02 14:00:00,https://understat.com/match/29265
29261,4,ESP-La Liga,2526,2025-11-02 Real Betis-Mallorca,Real Betis,Mallorca,2025-11-02 14:00:00,https://understat.com/match/29261
29263,4,ESP-La Liga,2526,2025-11-02 Real Madrid-Valencia,Real Madrid,Valencia,2025-11-02 14:00:00,https://understat.com/match/29263
29266,4,ESP-La Liga,2526,2025-11-02 Real Oviedo-Osasuna,Real Oviedo,Osasuna,2025-11-02 14:00:00,https://understat.com/match/29266
29264,4,ESP-La Liga,2526,2025-11-02 Real Sociedad-Athletic Club,Real Sociedad,Athletic Club,2025-11-02 14:00:00,https://understat.com/match/29264
29267,4,ESP-La Liga,2526,2025-11-02 Villarreal-Rayo Vallecano,Villarreal,Rayo Vallecano,2025-11-02 14:00:00,https://understat.com/match/29267
29268,4,ESP-La Liga,2526,2025-11-09 Athletic Club-Real Oviedo,Athletic Club,Real Oviedo,2025-11-09 14:00:00,https://understat.com/match/29268
29269,4,ESP-La Liga,2526,2025-11-09 Atletico Madrid-Levante,Atletico Madrid,Levante,2025-11-09 14:00:00,https://understat.com/match/29269
29274,4,ESP-La Liga,2526,2025-11-09 Celta Vigo-Barcelona,Celta Vigo,Barcelona,2025-11-09 14:00:00,https://understat.com/match/29274
29270,4,ESP-La Liga,2526,2025-11-09 Elche-Real Sociedad,Elche,Real Sociedad,2025-11-09 14:00:00,https://understat.com/match/29270
29271,4,ESP-La Liga,2526,2025-11-09 Espanyol-Villarreal,Espanyol,Villarreal,2025-11-09 14:00:00,https://understat.com/match/29271
29273,4,ESP-La Liga,2526,2025-11-09 Girona-Alaves,Girona,Alaves,2025-11-09 14:00:00,https://understat.com/match/29273
29276,4,ESP-La Liga,2526,2025-11-09 Mallorca-Getafe,Mallorca,Getafe,2025-11-09 14:00:00,https://understat.com/match/29276
29272,4,ESP-La Liga,2526,2025-11-09 Rayo Vallecano-Real Madrid,Rayo Vallecano,Real Madrid,2025-11-09 14:00:00,https://understat.com/match/29272
29277,4,ESP-La Liga,2526,2025-11-09 Sevilla-Osasuna,Sevilla,Osasuna,2025-11-09 14:00:00,https://understat.com/match/29277
29275,4,ESP-La Liga,2526,2025-11-09 Valencia-Real Betis,Valencia,Real Betis,2025-11-09 14:00:00,https://understat.com/match/29275
29278,4,ESP-La Liga,2526,2025-11-23 Alaves-Celta Vigo,Alaves,Celta Vigo,2025-11-23 14:00:00,https://understat.com/match/29278
29284,4,ESP-La Liga,2526,2025-11-23 Barcelona-Athletic Club,Barcelona,Athletic Club,2025-11-23 14:00:00,https://understat.com/match/29284
29280,4,ESP-La Liga,2526,2025-11-23 Elche-Real Madrid,Elche,Real Madrid,2025-11-23 14:00:00,https://understat.com/match/29280
29281,4,ESP-La Liga,2526,2025-11-23 Espanyol-Sevilla,Espanyol,Sevilla,2025-11-23 14:00:00,https://understat.com/match/29281
29285,4,ESP-La Liga,2526,2025-11-23 Getafe-Atletico Madrid,Getafe,Atletico Madrid,2025-11-23 14:00:00,https://understat.com/match/29285
29282,4,ESP-La Liga,2526,2025-11-23 Osasuna-Real Sociedad,Osasuna,Real Sociedad,2025-11-23 14:00:00,https://understat.com/match/29282
29279,4,ESP-La Liga,2526,2025-11-23 Real Betis-Girona,Real Betis,Girona,2025-11-23 14:00:00,https://understat.com/match/29279
29283,4,ESP-La Liga,2526,2025-11-23 Real Oviedo-Rayo Vallecano,Real Oviedo,Rayo Vallecano,2025-11-23 14:00:00,https://understat.com/match/29283
29286,4,ESP-La Liga,2526,2025-11-23 Valencia-Levante,Valencia,Levante,2025-11-23 14:00:00,https://understat.com/match/29286
29287,4,ESP-La Liga,2526,2025-11-23 Villarreal-Mallorca,Villarreal,Mallorca,2025-11-23 14:00:00,https://understat.com/match/29287
29288,4,ESP-La Liga,2526,2025-11-30 Atletico Madrid-Real Oviedo,Atletico Madrid,Real Oviedo,2025-11-30 14:00:00,https://understat.com/match/29288
29294,4,ESP-La Liga,2526,2025-11-30 Barcelona-Alaves,Barcelona,Alaves,2025-11-30 14:00:00,https://understat.com/match/29294
29289,4,ESP-La Liga,2526,2025-11-30 Celta Vigo-Espanyol,Celta Vigo,Espanyol,2025-11-30 14:00:00,https://understat.com/match/29289
29297,4,ESP-La Liga,2526,2025-11-30 Getafe-Elche,Getafe,Elche,2025-11-30 14:00:00,https://understat.com/match/29297
29290,4,ESP-La Liga,2526,2025-11-30 Girona-Real Madrid,Girona,Real Madrid,2025-11-30 14:00:00,https://understat.com/match/29290
29295,4,ESP-La Liga,2526,2025-11-30 Levante-Athletic Club,Levante,Athletic Club,2025-11-30 14:00:00,https://understat.com/match/29295
29291,4,ESP-La Liga,2526,2025-11-30 Mallorca-Osasuna,Mallorca,Osasuna,2025-11-30 14:00:00,https://understat.com/match/29291
29292,4,ESP-La Liga,2526,2025-11-30 Rayo Vallecano-Valencia,Rayo Vallecano,Valencia,2025-11-30 14:00:00,https://understat.com/match/29292
29293,4,ESP-La Liga,2526,2025-11-30 Real Sociedad-Villarreal,Real Sociedad,Villarreal,2025-11-30 14:00:00,https://understat.com/match/29293
29296,4,ESP-La Liga,2526,2025-11-30 Sevilla-Real Betis,Sevilla,Real Betis,2025-11-30 14:00:00,https://understat.com/match/29296
29298,4,ESP-La Liga,2526,2025-12-07 Alaves-Real Sociedad,Alaves,Real Sociedad,2025-12-07 14:00:00,https://understat.com/match/29298
29299,4,ESP-La Liga,2526,2025-12-07 Athletic Club-Atletico Madrid,Athletic Club,Atletico Madrid,2025-12-07 14:00:00,https://understat.com/match/29299
29300,4,ESP-La Liga,2526,2025-12-07 Elche-Girona,Elche,Girona,2025-12-07 14:00:00,https://understat.com/match/29300
29301,4,ESP-La Liga,2526,2025-12-07 Espanyol-Rayo Vallecano,Espanyol,Rayo Vallecano,2025-12-07 14:00:00,https://understat.com/match/29301
29305,4,ESP-La Liga,2526,2025-12-07 Osasuna-Levante,Osasuna,Levante,2025-12-07 14:00:00,https://understat.com/match/29305
29302,4,ESP-La Liga,2526,2025-12-07 Real Betis-Barcelona,Real Betis,Barcelona,2025-12-07 14:00:00,https://understat.com/match/29302
29303,4,ESP-La Liga,2526,2025-12-07 Real Madrid-Celta Vigo,Real Madrid,Celta Vigo,2025-12-07 14:00:00,https://understat.com/match/29303
29306,4,ESP-La Liga,2526,2025-12-07 Real Oviedo-Mallorca,Real Oviedo,Mallorca,2025-12-07 14:00:00,https://understat.com/match/29306
29307,4,ESP-La Liga,2526,2025-12-07 Valencia-Sevilla,Valencia,Sevilla,2025-12-07 14:00:00,https://understat.com/match/29307
29304,4,ESP-La Liga,2526,2025-12-07 Villarreal-Getafe,Villarreal,Getafe,2025-12-07 14:00:00,https://understat.com/match/29304
29308,4,ESP-La Liga,2526,2025-12-14 Alaves-Real Madrid,Alaves,Real Madrid,2025-12-14 14:00:00,https://understat.com/match/29308
29309,4,ESP-La Liga,2526,2025-12-14 Atletico Madrid-Valencia,Atletico Madrid,Valencia,2025-12-14 14:00:00,https://understat.com/match/29309
29310,4,ESP-La Liga,2526,2025-12-14 Barcelona-Osasuna,Barcelona,Osasuna,2025-12-14 14:00:00,https://understat.com/match/29310
29312,4,ESP-La Liga,2526,2025-12-14 Celta Vigo-Athletic Club,Celta Vigo,Athletic Club,2025-12-14 14:00:00,https://understat.com/match/29312
29315,4,ESP-La Liga,2526,2025-12-14 Getafe-Espanyol,Getafe,Espanyol,2025-12-14 14:00:00,https://understat.com/match/29315
29311,4,ESP-La Liga,2526,2025-12-14 Levante-Villarreal,Levante,Villarreal,2025-12-14 14:00:00,https://understat.com/match/29311
29314,4,ESP-La Liga,2526,2025-12-14 Mallorca-Elche,Mallorca,Elche,2025-12-14 14:00:00,https://understat.com/match/29314
29313,4,ESP-La Liga,2526,2025-12-14 Rayo Vallecano-Real Betis,Rayo Vallecano,Real Betis,2025-12-14 14:00:00,https://understat.com/match/29313
29316,4,ESP-La Liga,2526,2025-12-14 Real Sociedad-Girona,Real Sociedad,Girona,2025-12-14 14:00:00,https://understat.com/match/29316
29317,4,ESP-La Liga,2526,2025-12-14 Sevilla-Real Oviedo,Sevilla,Real Oviedo,2025-12-14 14:00:00,https://understat.com/match/29317
29318,4,ESP-La Liga,2526,2025-12-21 Athletic Club-Espanyol,Athletic Club,Espanyol,2025-12-21 14:00:00,https://understat.com/match/29318
29320,4,ESP-La Liga,2526,2025-12-21 Elche-Rayo Vallecano,Elche,Rayo Vallecano,2025-12-21 14:00:00,https://understat.com/match/29320
29324,4,ESP-La Liga,2526,2025-12-21 Girona-Atletico Madrid,Girona,Atletico Madrid,2025-12-21 14:00:00,https://understat.com/match/29324
29321,4,ESP-La Liga,2526,2025-12-21 Levante-Real Sociedad,Levante,Real Sociedad,2025-12-21 14:00:00,https://understat.com/match/29321
29323,4,ESP-La Liga,2526,2025-12-21 Osasuna-Alaves,Osasuna,Alaves,2025-12-21 14:00:00,https://understat.com/match/29323
29319,4,ESP-La Liga,2526,2025-12-21 Real Betis-Getafe,Real Betis,Getafe,2025-12-21 14:00:00,https://understat.com/match/29319
29322,4,ESP-La Liga,2526,2025-12-21 Real Madrid-Sevilla,Real Madrid,Sevilla,2025-12-21 14:00:00,https://understat.com/match/29322
29326,4,ESP-La Liga,2526,2025-12-21 Real Oviedo-Celta Vigo,Real Oviedo,Celta Vigo,2025-12-21 14:00:00,https://understat.com/match/29326
29327,4,ESP-La Liga,2526,2025-12-21 Valencia-Mallorca,Valencia,Mallorca,2025-12-21 14:00:00,https://understat.com/match/29327
29325,4,ESP-La Liga,2526,2025-12-21 Villarreal-Barcelona,Villarreal,Barcelona,2025-12-21 14:00:00,https://understat.com/match/29325
29328,4,ESP-La Liga,2526,2026-01-04 Alaves-Real Oviedo,Alaves,Real Oviedo,2026-01-04 14:00:00,https://understat.com/match/29328
29329,4,ESP-La Liga,2526,2026-01-04 Celta Vigo-Valencia,Celta Vigo,Valencia,2026-01-04 14:00:00,https://understat.com/match/29329
29330,4,ESP-La Liga,2526,2026-01-04 Elche-Villarreal,Elche,Villarreal,2026-01-04 14:00:00,https://understat.com/match/29330
29333,4,ESP-La Liga,2526,2026-01-04 Espanyol-Barcelona,Espanyol,Barcelona,2026-01-04 14:00:00,https://understat.com/match/29333
29336,4,ESP-La Liga,2526,2026-01-04 Mallorca-Girona,Mallorca,Girona,2026-01-04 14:00:00,https://understat.com/match/29336
29331,4,ESP-La Liga,2526,2026-01-04 Osasuna-Athletic Club,Osasuna,Athletic Club,2026-01-04 14:00:00,https://understat.com/match/29331
29335,4,ESP-La Liga,2526,2026-01-04 Rayo Vallecano-Getafe,Rayo Vallecano,Getafe,2026-01-04 14:00:00,https://understat.com/match/29335
29334,4,ESP-La Liga,2526,2026-01-04 Real Madrid-Real Betis,Real Madrid,Real Betis,2026-01-04 14:00:00,https://understat.com/match/29334
29332,4,ESP-La Liga,2526,2026-01-04 Real Sociedad-Atletico Madrid,Real Sociedad,Atletico Madrid,2026-01-04 14:00:00,https://understat.com/match/29332
29337,4,ESP-La Liga,2526,2026-01-04 Sevilla-Levante,Sevilla,Levante,2026-01-04 14:00:00,https://understat.com/match/29337
29338,4,ESP-La Liga,2526,2026-01-11 Athletic Club-Real Madrid,Athletic Club,Real Madrid,2026-01-11 14:00:00,https://understat.com/match/29338
29342,4,ESP-La Liga,2526,2026-01-11 Barcelona-Atletico Madrid,Barcelona,Atletico Madrid,2026-01-11 14:00:00,https://understat.com/match/29342
29339,4,ESP-La Liga,2526,2026-01-11 Getafe-Real Sociedad,Getafe,Real Sociedad,2026-01-11 14:00:00,https://understat.com/match/29339
29340,4,ESP-La Liga,2526,2026-01-11 Girona-Osasuna,Girona,Osasuna,2026-01-11 14:00:00,https://understat.com/match/29340
29346,4,ESP-La Liga,2526,2026-01-11 Levante-Espanyol,Levante,Espanyol,2026-01-11 14:00:00,https://understat.com/match/29346
29347,4,ESP-La Liga,2526,2026-01-11 Rayo Vallecano-Mallorca,Rayo Vallecano,Mallorca,2026-01-11 14:00:00,https://understat.com/match/29347
29343,4,ESP-La Liga,2526,2026-01-11 Real Oviedo-Real Betis,Real Oviedo,Real Betis,2026-01-11 14:00:00,https://understat.com/match/29343
29344,4,ESP-La Liga,2526,2026-01-11 Sevilla-Celta Vigo,Sevilla,Celta Vigo,2026-01-11 14:00:00,https://understat.com/match/29344
29345,4,ESP-La Liga,2526,2026-01-11 Valencia-Elche,Valencia,Elche,2026-01-11 14:00:00,https://understat.com/match/29345
29341,4,ESP-La Liga,2526,2026-01-11 Villarreal-Alaves,Villarreal,Alaves,2026-01-11 14:00:00,https://understat.com/match/29341
29348,4,ESP-La Liga,2526,2026-01-18 Atletico Madrid-Alaves,Atletico Madrid,Alaves,2026-01-18 14:00:00,https://understat.com/match/29348
29353,4,ESP-La Liga,2526,2026-01-18 Celta Vigo-Rayo Vallecano,Celta Vigo,Rayo Vallecano,2026-01-18 14:00:00,https://understat.com/match/29353
29354,4,ESP-La Liga,2526,2026-01-18 Elche-Sevilla,Elche,Sevilla,2026-01-18 14:00:00,https://understat.com/match/29354
29355,4,ESP-La Liga,2526,2026-01-18 Espanyol-Girona,Espanyol,Girona,2026-01-18 14:00:00,https://understat.com/match/29355
29356,4,ESP-La Liga,2526,2026-01-18 Getafe-Valencia,Getafe,Valencia,2026-01-18 14:00:00,https://understat.com/match/29356
29349,4,ESP-La Liga,2526,2026-01-18 Mallorca-Athletic Club,Mallorca,Athletic Club,2026-01-18 14:00:00,https://understat.com/match/29349
29357,4,ESP-La Liga,2526,2026-01-18 Osasuna-Real Oviedo,Osasuna,Real Oviedo,2026-01-18 14:00:00,https://understat.com/match/29357
29352,4,ESP-La Liga,2526,2026-01-18 Real Betis-Villarreal,Real Betis,Villarreal,2026-01-18 14:00:00,https://understat.com/match/29352
29351,4,ESP-La Liga,2526,2026-01-18 Real Madrid-Levante,Real Madrid,Levante,2026-01-18 14:00:00,https://understat.com/match/29351
29350,4,ESP-La Liga,2526,2026-01-18 Real Sociedad-Barcelona,Real Sociedad,Barcelona,2026-01-18 14:00:00,https://understat.com/match/29350
29359,4,ESP-La Liga,2526,2026-01-25 Alaves-Real Betis,Alaves,Real Betis,2026-01-25 14:00:00,https://understat.com/match/29359
29360,4,ESP-La Liga,2526,2026-01-25 Atletico Madrid-Mallorca,Atletico Madrid,Mallorca,2026-01-25 14:00:00,https://understat.com/match/29360
29361,4,ESP-La Liga,2526,2026-01-25 Barcelona-Real Oviedo,Barcelona,Real Oviedo,2026-01-25 14:00:00,https://understat.com/match/29361
29365,4,ESP-La Liga,2526,2026-01-25 Girona-Getafe,Girona,Getafe,2026-01-25 14:00:00,https://understat.com/match/29365
29363,4,ESP-La Liga,2526,2026-01-25 Levante-Elche,Levante,Elche,2026-01-25 14:00:00,https://understat.com/match/29363
29366,4,ESP-La Liga,2526,2026-01-25 Rayo Vallecano-Osasuna,Rayo Vallecano,Osasuna,2026-01-25 14:00:00,https://understat.com/match/29366
29362,4,ESP-La Liga,2526,2026-01-25 Real Sociedad-Celta Vigo,Real Sociedad,Celta Vigo,2026-01-25 14:00:00,https://understat.com/match/29362
29358,4,ESP-La Liga,2526,2026-01-25 Sevilla-Athletic Club,Sevilla,Athletic Club,2026-01-25 14:00:00,https://understat.com/match/29358
29364,4,ESP-La Liga,2526,2026-01-25 Valencia-Espanyol,Valencia,Espanyol,2026-01-25 14:00:00,https://understat.com/match/29364
29367,4,ESP-La Liga,2526,2026-01-25 Villarreal-Real Madrid,Villarreal,Real Madrid,2026-01-25 14:00:00,https://understat.com/match/29367
29376,4,ESP-La Liga,2526,2026-02-01 Athletic Club-Real Sociedad,Athletic Club,Real Sociedad,2026-02-01 14:00:00,https://understat.com/match/29376
29373,4,ESP-La Liga,2526,2026-02-01 Elche-Barcelona,Elche,Barcelona,2026-02-01 14:00:00,https://understat.com/match/29373
29371,4,ESP-La Liga,2526,2026-02-01 Espanyol-Alaves,Espanyol,Alaves,2026-02-01 14:00:00,https://understat.com/match/29371
29374,4,ESP-La Liga,2526,2026-02-01 Getafe-Celta Vigo,Getafe,Celta Vigo,2026-02-01 14:00:00,https://understat.com/match/29374
29372,4,ESP-La Liga,2526,2026-02-01 Levante-Atletico Madrid,Levante,Atletico Madrid,2026-02-01 14:00:00,https://understat.com/match/29372
29369,4,ESP-La Liga,2526,2026-02-01 Mallorca-Sevilla,Mallorca,Sevilla,2026-02-01 14:00:00,https://understat.com/match/29369
29370,4,ESP-La Liga,2526,2026-02-01 Osasuna-Villarreal,Osasuna,Villarreal,2026-02-01 14:00:00,https://understat.com/match/29370
29368,4,ESP-La Liga,2526,2026-02-01 Real Betis-Valencia,Real Betis,Valencia,2026-02-01 14:00:00,https://understat.com/match/29368
29377,4,ESP-La Liga,2526,2026-02-01 Real Madrid-Rayo Vallecano,Real Madrid,Rayo Vallecano,2026-02-01 14:00:00,https://understat.com/match/29377
29375,4,ESP-La Liga,2526,2026-02-01 Real Oviedo-Girona,Real Oviedo,Girona,2026-02-01 14:00:00,https://understat.com/match/29375
29378,4,ESP-La Liga,2526,2026-02-08 Alaves-Getafe,Alaves,Getafe,2026-02-08 14:00:00,https://understat.com/match/29378
29379,4,ESP-La Liga,2526,2026-02-08 Athletic Club-Levante,Athletic Club,Levante,2026-02-08 14:00:00,https://understat.com/match/29379
29380,4,ESP-La Liga,2526,2026-02-08 Atletico Madrid-Real Betis,Atletico Madrid,Real Betis,2026-02-08 14:00:00,https://understat.com/match/29380
29381,4,ESP-La Liga,2526,2026-02-08 Barcelona-Mallorca,Barcelona,Mallorca,2026-02-08 14:00:00,https://understat.com/match/29381
29382,4,ESP-La Liga,2526,2026-02-08 Celta Vigo-Osasuna,Celta Vigo,Osasuna,2026-02-08 14:00:00,https://understat.com/match/29382
29385,4,ESP-La Liga,2526,2026-02-08 Rayo Vallecano-Real Oviedo,Rayo Vallecano,Real Oviedo,2026-02-08 14:00:00,https://understat.com/match/29385
29383,4,ESP-La Liga,2526,2026-02-08 Real Sociedad-Elche,Real Sociedad,Elche,2026-02-08 14:00:00,https://understat.com/match/29383
29386,4,ESP-La Liga,2526,2026-02-08 Sevilla-Girona,Sevilla,Girona,2026-02-08 14:00:00,https://understat.com/match/29386
29387,4,ESP-La Liga,2526,2026-02-08 Valencia-Real Madrid,Valencia,Real Madrid,2026-02-08 14:00:00,https://understat.com/match/29387
29384,4,ESP-La Liga,2526,2026-02-08 Villarreal-Espanyol,Villarreal,Espanyol,2026-02-08 14:00:00,https://understat.com/match/29384
29388,4,ESP-La Liga,2526,2026-02-15 Elche-Osasuna,Elche,Osasuna,2026-02-15 14:00:00,https://understat.com/match/29388
29397,4,ESP-La Liga,2526,2026-02-15 Espanyol-Celta Vigo,Espanyol,Celta Vigo,2026-02-15 14:00:00,https://understat.com/match/29397
29389,4,ESP-La Liga,2526,2026-02-15 Getafe-Villarreal,Getafe,Villarreal,2026-02-15 14:00:00,https://understat.com/match/29389
29395,4,ESP-La Liga,2526,2026-02-15 Girona-Barcelona,Girona,Barcelona,2026-02-15 14:00:00,https://understat.com/match/29395
29390,4,ESP-La Liga,2526,2026-02-15 Levante-Valencia,Levante,Valencia,2026-02-15 14:00:00,https://understat.com/match/29390
29396,4,ESP-La Liga,2526,2026-02-15 Mallorca-Real Betis,Mallorca,Real Betis,2026-02-15 14:00:00,https://understat.com/match/29396
29394,4,ESP-La Liga,2526,2026-02-15 Rayo Vallecano-Atletico Madrid,Rayo Vallecano,Atletico Madrid,2026-02-15 14:00:00,https://understat.com/match/29394
29391,4,ESP-La Liga,2526,2026-02-15 Real Madrid-Real Sociedad,Real Madrid,Real Sociedad,2026-02-15 14:00:00,https://understat.com/match/29391
29393,4,ESP-La Liga,2526,2026-02-15 Real Oviedo-Athletic Club,Real Oviedo,Athletic Club,2026-02-15 14:00:00,https://understat.com/match/29393
29392,4,ESP-La Liga,2526,2026-02-15 Sevilla-Alaves,Sevilla,Alaves,2026-02-15 14:00:00,https://understat.com/match/29392
29398,4,ESP-La Liga,2526,2026-02-22 Alaves-Girona,Alaves,Girona,2026-02-22 14:00:00,https://understat.com/match/29398
29399,4,ESP-La Liga,2526,2026-02-22 Athletic Club-Elche,Athletic Club,Elche,2026-02-22 14:00:00,https://understat.com/match/29399
29400,4,ESP-La Liga,2526,2026-02-22 Atletico Madrid-Espanyol,Atletico Madrid,Espanyol,2026-02-22 14:00:00,https://understat.com/match/29400
29401,4,ESP-La Liga,2526,2026-02-22 Barcelona-Levante,Barcelona,Levante,2026-02-22 14:00:00,https://understat.com/match/29401
29403,4,ESP-La Liga,2526,2026-02-22 Celta Vigo-Mallorca,Celta Vigo,Mallorca,2026-02-22 14:00:00,https://understat.com/match/29403
29404,4,ESP-La Liga,2526,2026-02-22 Getafe-Sevilla,Getafe,Sevilla,2026-02-22 14:00:00,https://understat.com/match/29404
29405,4,ESP-La Liga,2526,2026-02-22 Osasuna-Real Madrid,Osasuna,Real Madrid,2026-02-22 14:00:00,https://understat.com/match/29405
29402,4,ESP-La Liga,2526,2026-02-22 Real Betis-Rayo Vallecano,Real Betis,Rayo Vallecano,2026-02-22 14:00:00,https://understat.com/match/29402
29407,4,ESP-La Liga,2526,2026-02-22 Real Sociedad-Real Oviedo,Real Sociedad,Real Oviedo,2026-02-22 14:00:00,https://understat.com/match/29407
29406,4,ESP-La Liga,2526,2026-02-22 Villarreal-Valencia,Villarreal,Valencia,2026-02-22 14:00:00,https://understat.com/match/29406
29408,4,ESP-La Liga,2526,2026-03-01 Barcelona-Villarreal,Barcelona,Villarreal,2026-03-01 14:00:00,https://understat.com/match/29408
29410,4,ESP-La Liga,2526,2026-03-01 Elche-Espanyol,Elche,Espanyol,2026-03-01 14:00:00,https://understat.com/match/29410
29415,4,ESP-La Liga,2526,2026-03-01 Girona-Celta Vigo,Girona,Celta Vigo,2026-03-01 14:00:00,https://understat.com/match/29415
29412,4,ESP-La Liga,2526,2026-03-01 Levante-Alaves,Levante,Alaves,2026-03-01 14:00:00,https://understat.com/match/29412
29411,4,ESP-La Liga,2526,2026-03-01 Mallorca-Real Sociedad,Mallorca,Real Sociedad,2026-03-01 14:00:00,https://understat.com/match/29411
29413,4,ESP-La Liga,2526,2026-03-01 Rayo Vallecano-Athletic Club,Rayo Vallecano,Athletic Club,2026-03-01 14:00:00,https://understat.com/match/29413
29409,4,ESP-La Liga,2526,2026-03-01 Real Betis-Sevilla,Real Betis,Sevilla,2026-03-01 14:00:00,https://understat.com/match/29409
29416,4,ESP-La Liga,2526,2026-03-01 Real Madrid-Getafe,Real Madrid,Getafe,2026-03-01 14:00:00,https://understat.com/match/29416
29414,4,ESP-La Liga,2526,2026-03-01 Real Oviedo-Atletico Madrid,Real Oviedo,Atletico Madrid,2026-03-01 14:00:00,https://understat.com/match/29414
29417,4,ESP-La Liga,2526,2026-03-01 Valencia-Osasuna,Valencia,Osasuna,2026-03-01 14:00:00,https://understat.com/match/29417
29418,4,ESP-La Liga,2526,2026-03-08 Athletic Club-Barcelona,Athletic Club,Barcelona,2026-03-08 14:00:00,https://understat.com/match/29418
29419,4,ESP-La Liga,2526,2026-03-08 Atletico Madrid-Real Sociedad,Atletico Madrid,Real Sociedad,2026-03-08 14:00:00,https://understat.com/match/29419
29420,4,ESP-La Liga,2526,2026-03-08 Celta Vigo-Real Madrid,Celta Vigo,Real Madrid,2026-03-08 14:00:00,https://understat.com/match/29420
29421,4,ESP-La Liga,2526,2026-03-08 Espanyol-Real Oviedo,Espanyol,Real Oviedo,2026-03-08 14:00:00,https://understat.com/match/29421
29423,4,ESP-La Liga,2526,2026-03-08 Getafe-Real Betis,Getafe,Real Betis,2026-03-08 14:00:00,https://understat.com/match/29423
29425,4,ESP-La Liga,2526,2026-03-08 Levante-Girona,Levante,Girona,2026-03-08 14:00:00,https://understat.com/match/29425
29426,4,ESP-La Liga,2526,2026-03-08 Osasuna-Mallorca,Osasuna,Mallorca,2026-03-08 14:00:00,https://understat.com/match/29426
29427,4,ESP-La Liga,2526,2026-03-08 Sevilla-Rayo Vallecano,Sevilla,Rayo Vallecano,2026-03-08 14:00:00,https://understat.com/match/29427
29422,4,ESP-La Liga,2526,2026-03-08 Valencia-Alaves,Valencia,Alaves,2026-03-08 14:00:00,https://understat.com/match/29422
29424,4,ESP-La Liga,2526,2026-03-08 Villarreal-Elche,Villarreal,Elche,2026-03-08 14:00:00,https://understat.com/match/29424
29428,4,ESP-La Liga,2526,2026-03-15 Alaves-Villarreal,Alaves,Villarreal,2026-03-15 14:00:00,https://understat.com/match/29428
29429,4,ESP-La Liga,2526,2026-03-15 Atletico Madrid-Getafe,Atletico Madrid,Getafe,2026-03-15 14:00:00,https://understat.com/match/29429
29430,4,ESP-La Liga,2526,2026-03-15 Barcelona-Sevilla,Barcelona,Sevilla,2026-03-15 14:00:00,https://understat.com/match/29430
29433,4,ESP-La Liga,2526,2026-03-15 Girona-Athletic Club,Girona,Athletic Club,2026-03-15 14:00:00,https://understat.com/match/29433
29435,4,ESP-La Liga,2526,2026-03-15 Mallorca-Espanyol,Mallorca,Espanyol,2026-03-15 14:00:00,https://understat.com/match/29435
29436,4,ESP-La Liga,2526,2026-03-15 Rayo Vallecano-Levante,Rayo Vallecano,Levante,2026-03-15 14:00:00,https://understat.com/match/29436
29431,4,ESP-La Liga,2526,2026-03-15 Real Betis-Celta Vigo,Real Betis,Celta Vigo,2026-03-15 14:00:00,https://understat.com/match/29431
29434,4,ESP-La Liga,2526,2026-03-15 Real Madrid-Elche,Real Madrid,Elche,2026-03-15 14:00:00,https://understat.com/match/29434
29432,4,ESP-La Liga,2526,2026-03-15 Real Oviedo-Valencia,Real Oviedo,Valencia,2026-03-15 14:00:00,https://understat.com/match/29432
29437,4,ESP-La Liga,2526,2026-03-15 Real Sociedad-Osasuna,Real Sociedad,Osasuna,2026-03-15 14:00:00,https://understat.com/match/29437
29439,4,ESP-La Liga,2526,2026-03-22 Athletic Club-Real Betis,Athletic Club,Real Betis,2026-03-22 14:00:00,https://understat.com/match/29439
29441,4,ESP-La Liga,2526,2026-03-22 Barcelona-Rayo Vallecano,Barcelona,Rayo Vallecano,2026-03-22 14:00:00,https://understat.com/match/29441
29445,4,ESP-La Liga,2526,2026-03-22 Celta Vigo-Alaves,Celta Vigo,Alaves,2026-03-22 14:00:00,https://understat.com/match/29445
29440,4,ESP-La Liga,2526,2026-03-22 Elche-Mallorca,Elche,Mallorca,2026-03-22 14:00:00,https://understat.com/match/29440
29442,4,ESP-La Liga,2526,2026-03-22 Espanyol-Getafe,Espanyol,Getafe,2026-03-22 14:00:00,https://understat.com/match/29442
29443,4,ESP-La Liga,2526,2026-03-22 Levante-Real Oviedo,Levante,Real Oviedo,2026-03-22 14:00:00,https://understat.com/match/29443
29447,4,ESP-La Liga,2526,2026-03-22 Osasuna-Girona,Osasuna,Girona,2026-03-22 14:00:00,https://understat.com/match/29447
29446,4,ESP-La Liga,2526,2026-03-22 Real Madrid-Atletico Madrid,Real Madrid,Atletico Madrid,2026-03-22 14:00:00,https://understat.com/match/29446
29444,4,ESP-La Liga,2526,2026-03-22 Sevilla-Valencia,Sevilla,Valencia,2026-03-22 14:00:00,https://understat.com/match/29444
29438,4,ESP-La Liga,2526,2026-03-22 Villarreal-Real Sociedad,Villarreal,Real Sociedad,2026-03-22 14:00:00,https://understat.com/match/29438
29448,4,ESP-La Liga,2526,2026-04-05 Alaves-Osasuna,Alaves,Osasuna,2026-04-05 14:00:00,https://understat.com/match/29448
29449,4,ESP-La Liga,2526,2026-04-05 Atletico Madrid-Barcelona,Atletico Madrid,Barcelona,2026-04-05 14:00:00,https://understat.com/match/29449
29455,4,ESP-La Liga,2526,2026-04-05 Getafe-Athletic Club,Getafe,Athletic Club,2026-04-05 14:00:00,https://understat.com/match/29455
29451,4,ESP-La Liga,2526,2026-04-05 Girona-Villarreal,Girona,Villarreal,2026-04-05 14:00:00,https://understat.com/match/29451
29452,4,ESP-La Liga,2526,2026-04-05 Mallorca-Real Madrid,Mallorca,Real Madrid,2026-04-05 14:00:00,https://understat.com/match/29452
29456,4,ESP-La Liga,2526,2026-04-05 Rayo Vallecano-Elche,Rayo Vallecano,Elche,2026-04-05 14:00:00,https://understat.com/match/29456
29450,4,ESP-La Liga,2526,2026-04-05 Real Betis-Espanyol,Real Betis,Espanyol,2026-04-05 14:00:00,https://understat.com/match/29450
29453,4,ESP-La Liga,2526,2026-04-05 Real Oviedo-Sevilla,Real Oviedo,Sevilla,2026-04-05 14:00:00,https://understat.com/match/29453
29457,4,ESP-La Liga,2526,2026-04-05 Real Sociedad-Levante,Real Sociedad,Levante,2026-04-05 14:00:00,https://understat.com/match/29457
29454,4,ESP-La Liga,2526,2026-04-05 Valencia-Celta Vigo,Valencia,Celta Vigo,2026-04-05 14:00:00,https://understat.com/match/29454
29458,4,ESP-La Liga,2526,2026-04-12 Athletic Club-Villarreal,Athletic Club,Villarreal,2026-04-12 14:00:00,https://understat.com/match/29458
29459,4,ESP-La Liga,2526,2026-04-12 Barcelona-Espanyol,Barcelona,Espanyol,2026-04-12 14:00:00,https://understat.com/match/29459
29467,4,ESP-La Liga,2526,2026-04-12 Celta Vigo-Real Oviedo,Celta Vigo,Real Oviedo,2026-04-12 14:00:00,https://understat.com/match/29467
29465,4,ESP-La Liga,2526,2026-04-12 Elche-Valencia,Elche,Valencia,2026-04-12 14:00:00,https://understat.com/match/29465
29461,4,ESP-La Liga,2526,2026-04-12 Levante-Getafe,Levante,Getafe,2026-04-12 14:00:00,https://understat.com/match/29461
29466,4,ESP-La Liga,2526,2026-04-12 Mallorca-Rayo Vallecano,Mallorca,Rayo Vallecano,2026-04-12 14:00:00,https://understat.com/match/29466
29460,4,ESP-La Liga,2526,2026-04-12 Osasuna-Real Betis,Osasuna,Real Betis,2026-04-12 14:00:00,https://understat.com/match/29460
29462,4,ESP-La Liga,2526,2026-04-12 Real Madrid-Girona,Real Madrid,Girona,2026-04-12 14:00:00,https://understat.com/match/29462
29464,4,ESP-La Liga,2526,2026-04-12 Real Sociedad-Alaves,Real Sociedad,Alaves,2026-04-12 14:00:00,https://understat.com/match/29464
29463,4,ESP-La Liga,2526,2026-04-12 Sevilla-Atletico Madrid,Sevilla,Atletico Madrid,2026-04-12 14:00:00,https://understat.com/match/29463
29473,4,ESP-La Liga,2526,2026-04-19 Alaves-Mallorca,Alaves,Mallorca,2026-04-19 14:00:00,https://understat.com/match/29473
29468,4,ESP-La Liga,2526,2026-04-19 Atletico Madrid-Athletic Club,Atletico Madrid,Athletic Club,2026-04-19 14:00:00,https://understat.com/match/29468
29477,4,ESP-La Liga,2526,2026-04-19 Espanyol-Levante,Espanyol,Levante,2026-04-19 14:00:00,https://understat.com/match/29477
29469,4,ESP-La Liga,2526,2026-04-19 Getafe-Barcelona,Getafe,Barcelona,2026-04-19 14:00:00,https://understat.com/match/29469
29476,4,ESP-La Liga,2526,2026-04-19 Osasuna-Sevilla,Osasuna,Sevilla,2026-04-19 14:00:00,https://understat.com/match/29476
29475,4,ESP-La Liga,2526,2026-04-19 Rayo Vallecano-Real Sociedad,Rayo Vallecano,Real Sociedad,2026-04-19 14:00:00,https://understat.com/match/29475
29474,4,ESP-La Liga,2526,2026-04-19 Real Betis-Real Madrid,Real Betis,Real Madrid,2026-04-19 14:00:00,https://understat.com/match/29474
29471,4,ESP-La Liga,2526,2026-04-19 Real Oviedo-Elche,Real Oviedo,Elche,2026-04-19 14:00:00,https://understat.com/match/29471
29472,4,ESP-La Liga,2526,2026-04-19 Valencia-Girona,Valencia,Girona,2026-04-19 14:00:00,https://understat.com/match/29472
29470,4,ESP-La Liga,2526,2026-04-19 Villarreal-Celta Vigo,Villarreal,Celta Vigo,2026-04-19 14:00:00,https://understat.com/match/29470
29478,4,ESP-La Liga,2526,2026-04-22 Athletic Club-Osasuna,Athletic Club,Osasuna,2026-04-22 18:00:00,https://understat.com/match/29478
29479,4,ESP-La Liga,2526,2026-04-22 Barcelona-Celta Vigo,Barcelona,Celta Vigo,2026-04-22 18:00:00,https://understat.com/match/29479
29484,4,ESP-La Liga,2526,2026-04-22 Elche-Atletico Madrid,Elche,Atletico Madrid,2026-04-22 18:00:00,https://understat.com/match/29484
29485,4,ESP-La Liga,2526,2026-04-22 Girona-Real Betis,Girona,Real Betis,2026-04-22 18:00:00,https://understat.com/match/29485
29480,4,ESP-La Liga,2526,2026-04-22 Levante-Sevilla,Levante,Sevilla,2026-04-22 18:00:00,https://understat.com/match/29480
29481,4,ESP-La Liga,2526,2026-04-22 Mallorca-Valencia,Mallorca,Valencia,2026-04-22 18:00:00,https://understat.com/match/29481
29486,4,ESP-La Liga,2526,2026-04-22 Rayo Vallecano-Espanyol,Rayo Vallecano,Espanyol,2026-04-22 18:00:00,https://understat.com/match/29486
29483,4,ESP-La Liga,2526,2026-04-22 Real Madrid-Alaves,Real Madrid,Alaves,2026-04-22 18:00:00,https://understat.com/match/29483
29482,4,ESP-La Liga,2526,2026-04-22 Real Oviedo-Villarreal,Real Oviedo,Villarreal,2026-04-22 18:00:00,https://understat.com/match/29482
29487,4,ESP-La Liga,2526,2026-04-22 Real Sociedad-Getafe,Real Sociedad,Getafe,2026-04-22 18:00:00,https://understat.com/match/29487
29491,4,ESP-La Liga,2526,2026-05-03 Alaves-Athletic Club,Alaves,Athletic Club,2026-05-03 14:00:00,https://understat.com/match/29491
29493,4,ESP-La Liga,2526,2026-05-03 Celta Vigo-Elche,Celta Vigo,Elche,2026-05-03 14:00:00,https://understat.com/match/29493
29494,4,ESP-La Liga,2526,2026-05-03 Espanyol-Real Madrid,Espanyol,Real Madrid,2026-05-03 14:00:00,https://understat.com/match/29494
29496,4,ESP-La Liga,2526,2026-05-03 Getafe-Rayo Vallecano,Getafe,Rayo Vallecano,2026-05-03 14:00:00,https://understat.com/match/29496
29497,4,ESP-La Liga,2526,2026-05-03 Girona-Mallorca,Girona,Mallorca,2026-05-03 14:00:00,https://understat.com/match/29497
29488,4,ESP-La Liga,2526,2026-05-03 Osasuna-Barcelona,Osasuna,Barcelona,2026-05-03 14:00:00,https://understat.com/match/29488
29492,4,ESP-La Liga,2526,2026-05-03 Real Betis-Real Oviedo,Real Betis,Real Oviedo,2026-05-03 14:00:00,https://understat.com/match/29492
29490,4,ESP-La Liga,2526,2026-05-03 Sevilla-Real Sociedad,Sevilla,Real Sociedad,2026-05-03 14:00:00,https://understat.com/match/29490
29495,4,ESP-La Liga,2526,2026-05-03 Valencia-Atletico Madrid,Valencia,Atletico Madrid,2026-05-03 14:00:00,https://understat.com/match/29495
29489,4,ESP-La Liga,2526,2026-05-03 Villarreal-Levante,Villarreal,Levante,2026-05-03 14:00:00,https://understat.com/match/29489
29498,4,ESP-La Liga,2526,2026-05-10 Athletic Club-Valencia,Athletic Club,Valencia,2026-05-10 14:00:00,https://understat.com/match/29498
29499,4,ESP-La Liga,2526,2026-05-10 Atletico Madrid-Celta Vigo,Atletico Madrid,Celta Vigo,2026-05-10 14:00:00,https://understat.com/match/29499
29500,4,ESP-La Liga,2526,2026-05-10 Barcelona-Real Madrid,Barcelona,Real Madrid,2026-05-10 14:00:00,https://understat.com/match/29500
29503,4,ESP-La Liga,2526,2026-05-10 Elche-Alaves,Elche,Alaves,2026-05-10 14:00:00,https://understat.com/match/29503
29501,4,ESP-La Liga,2526,2026-05-10 Levante-Osasuna,Levante,Osasuna,2026-05-10 14:00:00,https://understat.com/match/29501
29502,4,ESP-La Liga,2526,2026-05-10 Mallorca-Villarreal,Mallorca,Villarreal,2026-05-10 14:00:00,https://understat.com/match/29502
29507,4,ESP-La Liga,2526,2026-05-10 Rayo Vallecano-Girona,Rayo Vallecano,Girona,2026-05-10 14:00:00,https://understat.com/match/29507
29506,4,ESP-La Liga,2526,2026-05-10 Real Oviedo-Getafe,Real Oviedo,Getafe,2026-05-10 14:00:00,https://understat.com/match/29506
29504,4,ESP-La Liga,2526,2026-05-10 Real Sociedad-Real Betis,Real Sociedad,Real Betis,2026-05-10 14:00:00,https://understat.com/match/29504
29505,4,ESP-La Liga,2526,2026-05-10 Sevilla-Espanyol,Sevilla,Espanyol,2026-05-10 14:00:00,https://understat.com/match/29505
29508,4,ESP-La Liga,2526,2026-05-13 Alaves-Barcelona,Alaves,Barcelona,2026-05-13 18:00:00,https://understat.com/match/29508
29510,4,ESP-La Liga,2526,2026-05-13 Celta Vigo-Levante,Celta Vigo,Levante,2026-05-13 18:00:00,https://understat.com/match/29510
29513,4,ESP-La Liga,2526,2026-05-13 Espanyol-Athletic Club,Espanyol,Athletic Club,2026-05-13 18:00:00,https://understat.com/match/29513
29511,4,ESP-La Liga,2526,2026-05-13 Getafe-Mallorca,Getafe,Mallorca,2026-05-13 18:00:00,https://understat.com/match/29511
29512,4,ESP-La Liga,2526,2026-05-13 Girona-Real Sociedad,Girona,Real Sociedad,2026-05-13 18:00:00,https://understat.com/match/29512
29514,4,ESP-La Liga,2526,2026-05-13 Osasuna-Atletico Madrid,Osasuna,Atletico Madrid,2026-05-13 18:00:00,https://understat.com/match/29514
29509,4,ESP-La Liga,2526,2026-05-13 Real Betis-Elche,Real Betis,Elche,2026-05-13 18:00:00,https://understat.com/match/29509
29517,4,ESP-La Liga,2526,2026-05-13 Real Madrid-Real Oviedo,Real Madrid,Real Oviedo,2026-05-13 18:00:00,https://understat.com/match/29517
29515,4,ESP-La Liga,2526,2026-05-13 Valencia-Rayo Vallecano,Valencia,Rayo Vallecano,2026-05-13 18:00:00,https://understat.com/match/29515
29516,4,ESP-La Liga,2526,2026-05-13 Villarreal-Sevilla,Villarreal,Sevilla,2026-05-13 18:00:00,https://understat.com/match/29516
29518,4,ESP-La Liga,2526,2026-05-17 Athletic Club-Celta Vigo,Athletic Club,Celta Vigo,2026-05-17 14:00:00,https://understat.com/match/29518
29520,4,ESP-La Liga,2526,2026-05-17 Atletico Madrid-Girona,Atletico Madrid,Girona,2026-05-17 14:00:00,https://understat.com/match/29520
29519,4,ESP-La Liga,2526,2026-05-17 Barcelona-Real Betis,Barcelona,Real Betis,2026-05-17 14:00:00,https://understat.com/match/29519
29527,4,ESP-La Liga,2526,2026-05-17 Elche-Getafe,Elche,Getafe,2026-05-17 14:00:00,https://understat.com/match/29527
29525,4,ESP-La Liga,2526,2026-05-17 Levante-Mallorca,Levante,Mallorca,2026-05-17 14:00:00,https://understat.com/match/29525
29523,4,ESP-La Liga,2526,2026-05-17 Osasuna-Espanyol,Osasuna,Espanyol,2026-05-17 14:00:00,https://understat.com/match/29523
29526,4,ESP-La Liga,2526,2026-05-17 Rayo Vallecano-Villarreal,Rayo Vallecano,Villarreal,2026-05-17 14:00:00,https://understat.com/match/29526
29522,4,ESP-La Liga,2526,2026-05-17 Real Oviedo-Alaves,Real Oviedo,Alaves,2026-05-17 14:00:00,https://understat.com/match/29522
29521,4,ESP-La Liga,2526,2026-05-17 Real Sociedad-Valencia,Real Sociedad,Valencia,2026-05-17 14:00:00,https://understat.com/match/29521
29524,4,ESP-La Liga,2526,2026-05-17 Sevilla-Real Madrid,Sevilla,Real Madrid,2026-05-17 14:00:00,https://understat.com/match/29524
29528,4,ESP-La Liga,2526,2026-05-24 Alaves-Rayo Vallecano,Alaves,Rayo Vallecano,2026-05-24 14:00:00,https://understat.com/match/29528
29530,4,ESP-La Liga,2526,2026-05-24 Celta Vigo-Sevilla,Celta Vigo,Sevilla,2026-05-24 14:00:00,https://understat.com/match/29530
29531,4,ESP-La Liga,2526,2026-05-24 Espanyol-Real Sociedad,Espanyol,Real Sociedad,2026-05-24 14:00:00,https://understat.com/match/29531
29536,4,ESP-La Liga,2526,2026-05-24 Getafe-Osasuna,Getafe,Osasuna,2026-05-24 14:00:00,https://understat.com/match/29536
29535,4,ESP-La Liga,2526,2026-05-24 Girona-Elche,Girona,Elche,2026-05-24 14:00:00,https://understat.com/match/29535
29537,4,ESP-La Liga,2526,2026-05-24 Mallorca-Real Oviedo,Mallorca,Real Oviedo,2026-05-24 14:00:00,https://understat.com/match/29537
29529,4,ESP-La Liga,2526,2026-05-24 Real Betis-Levante,Real Betis,Levante,2026-05-24 14:00:00,https://understat.com/match/29529
29532,4,ESP-La Liga,2526,2026-05-24 Real Madrid-Athletic Club,Real Madrid,Athletic Club,2026-05-24 14:00:00,https://understat.com/match/29532
29534,4,ESP-La Liga,2526,2026-05-24 Valencia-Barcelona,Valencia,Barcelona,2026-05-24 14:00:00,https://understat.com/match/29534
29533,4,ESP-La Liga,2526,2026-05-24 Villarreal-Atletico Madrid,Villarreal,Atletico Madrid,2026-05-24 14:00:00,https://understat.com/match/29533
29538,5,FRA-Ligue 1,2526,2025-08-15 Rennes-Marseille,Rennes,Marseille,2025-08-15 18:45:00,https://understat.com/match/29538
29539,5,FRA-Ligue 1,2526,2025-08-16 Lens-Lyon,Lens,Lyon,2025-08-16 15:00:00,https://understat.com/match/29539
29540,5,FRA-Ligue 1,2526,2025-08-16 Monaco-Le Havre,Monaco,Le Havre,2025-08-16 17:00:00,https://understat.com/match/29540
29541,5,FRA-Ligue 1,2526,2025-08-16 Nice-Toulouse,Nice,Toulouse,2025-08-16 19:05:00,https://understat.com/match/29541
29544,5,FRA-Ligue 1,2526,2025-08-17 Angers-Paris FC,Angers,Paris FC,2025-08-17 15:15:00,https://understat.com/match/29544
29543,5,FRA-Ligue 1,2526,2025-08-17 Auxerre-Lorient,Auxerre,Lorient,2025-08-17 15:15:00,https://understat.com/match/29543
29542,5,FRA-Ligue 1,2526,2025-08-17 Brest-Lille,Brest,Lille,2025-08-17 13:00:00,https://understat.com/match/29542
29545,5,FRA-Ligue 1,2526,2025-08-17 Metz-Strasbourg,Metz,Strasbourg,2025-08-17 15:15:00,https://understat.com/match/29545
29546,5,FRA-Ligue 1,2526,2025-08-17 Nantes-Paris Saint Germain,Nantes,Paris Saint Germain,2025-08-17 18:45:00,https://understat.com/match/29546
29547,5,FRA-Ligue 1,2526,2025-08-22 Paris Saint Germain-Angers,Paris Saint Germain,Angers,2025-08-22 18:45:00,https://understat.com/match/29547
29550,5,FRA-Ligue 1,2526,2025-08-23 Lyon-Metz,Lyon,Metz,2025-08-23 19:05:00,https://understat.com/match/29550
29548,5,FRA-Ligue 1,2526,2025-08-23 Marseille-Paris FC,Marseille,Paris FC,2025-08-23 15:00:00,https://understat.com/match/29548
29549,5,FRA-Ligue 1,2526,2025-08-23 Nice-Auxerre,Nice,Auxerre,2025-08-23 17:00:00,https://understat.com/match/29549
29553,5,FRA-Ligue 1,2526,2025-08-24 Le Havre-Lens,Le Havre,Lens,2025-08-24 15:15:00,https://understat.com/match/29553
29555,5,FRA-Ligue 1,2526,2025-08-24 Lille-Monaco,Lille,Monaco,2025-08-24 18:45:00,https://understat.com/match/29555
29551,5,FRA-Ligue 1,2526,2025-08-24 Lorient-Rennes,Lorient,Rennes,2025-08-24 13:00:00,https://understat.com/match/29551
29552,5,FRA-Ligue 1,2526,2025-08-24 Strasbourg-Nantes,Strasbourg,Nantes,2025-08-24 15:15:00,https://understat.com/match/29552
29554,5,FRA-Ligue 1,2526,2025-08-24 Toulouse-Brest,Toulouse,Brest,2025-08-24 15:15:00,https://understat.com/match/29554
29556,5,FRA-Ligue 1,2526,2025-08-29 Lens-Brest,Lens,Brest,2025-08-29 18:45:00,https://understat.com/match/29556
29557,5,FRA-Ligue 1,2526,2025-08-30 Lorient-Lille,Lorient,Lille,2025-08-30 15:00:00,https://understat.com/match/29557
29558,5,FRA-Ligue 1,2526,2025-08-30 Nantes-Auxerre,Nantes,Auxerre,2025-08-30 17:00:00,https://understat.com/match/29558
29559,5,FRA-Ligue 1,2526,2025-08-30 Toulouse-Paris Saint Germain,Toulouse,Paris Saint Germain,2025-08-30 19:05:00,https://understat.com/match/29559
29560,5,FRA-Ligue 1,2526,2025-08-31 Angers-Rennes,Angers,Rennes,2025-08-31 13:00:00,https://understat.com/match/29560
29561,5,FRA-Ligue 1,2526,2025-08-31 Le Havre-Nice,Le Havre,Nice,2025-08-31 15:15:00,https://understat.com/match/29561
29564,5,FRA-Ligue 1,2526,2025-08-31 Lyon-Marseille,Lyon,Marseille,2025-08-31 18:45:00,https://understat.com/match/29564
29563,5,FRA-Ligue 1,2526,2025-08-31 Monaco-Strasbourg,Monaco,Strasbourg,2025-08-31 15:15:00,https://understat.com/match/29563
29562,5,FRA-Ligue 1,2526,2025-08-31 Paris FC-Metz,Paris FC,Metz,2025-08-31 15:15:00,https://understat.com/match/29562
29568,5,FRA-Ligue 1,2526,2025-09-12 Marseille-Lorient,Marseille,Lorient,2025-09-12 18:45:00,https://understat.com/match/29568
29565,5,FRA-Ligue 1,2526,2025-09-13 Auxerre-Monaco,Auxerre,Monaco,2025-09-13 19:05:00,https://understat.com/match/29565
29570,5,FRA-Ligue 1,2526,2025-09-13 Nice-Nantes,Nice,Nantes,2025-09-13 15:00:00,https://understat.com/match/29570
29566,5,FRA-Ligue 1,2526,2025-09-14 Brest-Paris FC,Brest,Paris FC,2025-09-14 15:15:00,https://understat.com/match/29566
29567,5,FRA-Ligue 1,2526,2025-09-14 Lille-Toulouse,Lille,Toulouse,2025-09-14 13:00:00,https://understat.com/match/29567
29569,5,FRA-Ligue 1,2526,2025-09-14 Metz-Angers,Metz,Angers,2025-09-14 15:15:00,https://understat.com/match/29569
29571,5,FRA-Ligue 1,2526,2025-09-14 Paris Saint Germain-Lens,Paris Saint Germain,Lens,2025-09-14 15:15:00,https://understat.com/match/29571
29572,5,FRA-Ligue 1,2526,2025-09-14 Rennes-Lyon,Rennes,Lyon,2025-09-14 18:45:00,https://understat.com/match/29572
29573,5,FRA-Ligue 1,2526,2025-09-14 Strasbourg-Le Havre,Strasbourg,Le Havre,2025-09-14 15:15:00,https://understat.com/match/29573
29578,5,FRA-Ligue 1,2526,2025-09-19 Lyon-Angers,Lyon,Angers,2025-09-19 18:45:00,https://understat.com/match/29578
29575,5,FRA-Ligue 1,2526,2025-09-20 Brest-Nice,Brest,Nice,2025-09-20 17:00:00,https://understat.com/match/29575
29577,5,FRA-Ligue 1,2526,2025-09-20 Lens-Lille,Lens,Lille,2025-09-20 19:05:00,https://understat.com/match/29577
29581,5,FRA-Ligue 1,2526,2025-09-20 Nantes-Rennes,Nantes,Rennes,2025-09-20 15:00:00,https://understat.com/match/29581
29574,5,FRA-Ligue 1,2526,2025-09-21 Auxerre-Toulouse,Auxerre,Toulouse,2025-09-21 15:15:00,https://understat.com/match/29574
29576,5,FRA-Ligue 1,2526,2025-09-21 Le Havre-Lorient,Le Havre,Lorient,2025-09-21 15:15:00,https://understat.com/match/29576
29580,5,FRA-Ligue 1,2526,2025-09-21 Monaco-Metz,Monaco,Metz,2025-09-21 15:15:00,https://understat.com/match/29580
29582,5,FRA-Ligue 1,2526,2025-09-21 Paris FC-Strasbourg,Paris FC,Strasbourg,2025-09-21 13:00:00,https://understat.com/match/29582
29579,5,FRA-Ligue 1,2526,2025-09-22 Marseille-Paris Saint Germain,Marseille,Paris Saint Germain,2025-09-22 18:45:00,https://understat.com/match/29579
29590,5,FRA-Ligue 1,2526,2025-09-26 Strasbourg-Marseille,Strasbourg,Marseille,2025-09-26 18:45:00,https://understat.com/match/29590
29585,5,FRA-Ligue 1,2526,2025-09-27 Lorient-Monaco,Lorient,Monaco,2025-09-27 15:00:00,https://understat.com/match/29585
29588,5,FRA-Ligue 1,2526,2025-09-27 Paris Saint Germain-Auxerre,Paris Saint Germain,Auxerre,2025-09-27 19:05:00,https://understat.com/match/29588
29591,5,FRA-Ligue 1,2526,2025-09-27 Toulouse-Nantes,Toulouse,Nantes,2025-09-27 17:00:00,https://understat.com/match/29591
29583,5,FRA-Ligue 1,2526,2025-09-28 Angers-Brest,Angers,Brest,2025-09-28 15:15:00,https://understat.com/match/29583
29584,5,FRA-Ligue 1,2526,2025-09-28 Lille-Lyon,Lille,Lyon,2025-09-28 15:15:00,https://understat.com/match/29584
29586,5,FRA-Ligue 1,2526,2025-09-28 Metz-Le Havre,Metz,Le Havre,2025-09-28 15:15:00,https://understat.com/match/29586
29587,5,FRA-Ligue 1,2526,2025-09-28 Nice-Paris FC,Nice,Paris FC,2025-09-28 13:00:00,https://understat.com/match/29587
29589,5,FRA-Ligue 1,2526,2025-09-28 Rennes-Lens,Rennes,Lens,2025-09-28 18:45:00,https://understat.com/match/29589
29599,5,FRA-Ligue 1,2526,2025-10-03 Paris FC-Lorient,Paris FC,Lorient,2025-10-03 18:45:00,https://understat.com/match/29599
29592,5,FRA-Ligue 1,2526,2025-10-04 Auxerre-Lens,Auxerre,Lens,2025-10-04 19:05:00,https://understat.com/match/29592
29593,5,FRA-Ligue 1,2526,2025-10-04 Brest-Nantes,Brest,Nantes,2025-10-04 17:00:00,https://understat.com/match/29593
29597,5,FRA-Ligue 1,2526,2025-10-04 Metz-Marseille,Metz,Marseille,2025-10-04 15:00:00,https://understat.com/match/29597
29594,5,FRA-Ligue 1,2526,2025-10-05 Le Havre-Rennes,Le Havre,Rennes,2025-10-05 15:15:00,https://understat.com/match/29594
29595,5,FRA-Ligue 1,2526,2025-10-05 Lille-Paris Saint Germain,Lille,Paris Saint Germain,2025-10-05 18:45:00,https://understat.com/match/29595
29596,5,FRA-Ligue 1,2526,2025-10-05 Lyon-Toulouse,Lyon,Toulouse,2025-10-05 13:00:00,https://understat.com/match/29596
29598,5,FRA-Ligue 1,2526,2025-10-05 Monaco-Nice,Monaco,Nice,2025-10-05 15:15:00,https://understat.com/match/29598
29600,5,FRA-Ligue 1,2526,2025-10-05 Strasbourg-Angers,Strasbourg,Angers,2025-10-05 15:15:00,https://understat.com/match/29600
29608,5,FRA-Ligue 1,2526,2025-10-17 Paris Saint Germain-Strasbourg,Paris Saint Germain,Strasbourg,2025-10-17 18:45:00,https://understat.com/match/29608
29601,5,FRA-Ligue 1,2526,2025-10-18 Angers-Monaco,Angers,Monaco,2025-10-18 17:00:00,https://understat.com/match/29601
29604,5,FRA-Ligue 1,2526,2025-10-18 Marseille-Le Havre,Marseille,Le Havre,2025-10-18 19:05:00,https://understat.com/match/29604
29606,5,FRA-Ligue 1,2526,2025-10-18 Nice-Lyon,Nice,Lyon,2025-10-18 15:00:00,https://understat.com/match/29606
29602,5,FRA-Ligue 1,2526,2025-10-19 Lens-Paris FC,Lens,Paris FC,2025-10-19 13:00:00,https://understat.com/match/29602
29603,5,FRA-Ligue 1,2526,2025-10-19 Lorient-Brest,Lorient,Brest,2025-10-19 15:15:00,https://understat.com/match/29603
29605,5,FRA-Ligue 1,2526,2025-10-19 Nantes-Lille,Nantes,Lille,2025-10-19 18:45:00,https://understat.com/match/29605
29609,5,FRA-Ligue 1,2526,2025-10-19 Rennes-Auxerre,Rennes,Auxerre,2025-10-19 15:15:00,https://understat.com/match/29609
29607,5,FRA-Ligue 1,2526,2025-10-19 Toulouse-Metz,Toulouse,Metz,2025-10-19 15:15:00,https://understat.com/match/29607
29614,5,FRA-Ligue 1,2526,2025-10-24 Paris FC-Nantes,Paris FC,Nantes,2025-10-24 18:45:00,https://understat.com/match/29614
29613,5,FRA-Ligue 1,2526,2025-10-25 Brest-Paris Saint Germain,Brest,Paris Saint Germain,2025-10-25 15:00:00,https://understat.com/match/29613
29612,5,FRA-Ligue 1,2526,2025-10-25 Lens-Marseille,Lens,Marseille,2025-10-25 19:05:00,https://understat.com/match/29612
29615,5,FRA-Ligue 1,2526,2025-10-25 Monaco-Toulouse,Monaco,Toulouse,2025-10-25 17:00:00,https://understat.com/match/29615
29610,5,FRA-Ligue 1,2526,2025-10-26 Angers-Lorient,Angers,Lorient,2025-10-26 15:15:00,https://understat.com/match/29610
29611,5,FRA-Ligue 1,2526,2025-10-26 Auxerre-Le Havre,Auxerre,Le Havre,2025-10-26 15:15:00,https://understat.com/match/29611
29617,5,FRA-Ligue 1,2526,2025-10-26 Lille-Metz,Lille,Metz,2025-10-26 13:00:00,https://understat.com/match/29617
29616,5,FRA-Ligue 1,2526,2025-10-26 Lyon-Strasbourg,Lyon,Strasbourg,2025-10-26 18:45:00,https://understat.com/match/29616
29618,5,FRA-Ligue 1,2526,2025-10-26 Rennes-Nice,Rennes,Nice,2025-10-26 15:15:00,https://understat.com/match/29618
29619,5,FRA-Ligue 1,2526,2025-10-29 Le Havre-Brest,Le Havre,Brest,2025-10-29 17:00:00,https://understat.com/match/29619
29621,5,FRA-Ligue 1,2526,2025-10-29 Lorient-Paris Saint Germain,Lorient,Paris Saint Germain,2025-10-29 17:00:00,https://understat.com/match/29621
29620,5,FRA-Ligue 1,2526,2025-10-29 Marseille-Angers,Marseille,Angers,2025-10-29 19:05:00,https://understat.com/match/29620
29625,5,FRA-Ligue 1,2526,2025-10-29 Metz-Lens,Metz,Lens,2025-10-29 17:00:00,https://understat.com/match/29625
29624,5,FRA-Ligue 1,2526,2025-10-29 Nantes-Monaco,Nantes,Monaco,2025-10-29 19:05:00,https://understat.com/match/29624
29623,5,FRA-Ligue 1,2526,2025-10-29 Nice-Lille,Nice,Lille,2025-10-29 17:00:00,https://understat.com/match/29623
29622,5,FRA-Ligue 1,2526,2025-10-29 Paris FC-Lyon,Paris FC,Lyon,2025-10-29 19:05:00,https://understat.com/match/29622
29627,5,FRA-Ligue 1,2526,2025-10-29 Strasbourg-Auxerre,Strasbourg,Auxerre,2025-10-29 19:05:00,https://understat.com/match/29627
29626,5,FRA-Ligue 1,2526,2025-10-29 Toulouse-Rennes,Toulouse,Rennes,2025-10-29 19:05:00,https://understat.com/match/29626
29628,5,FRA-Ligue 1,2526,2025-11-02 Auxerre-Marseille,Auxerre,Marseille,2025-11-02 12:00:00,https://understat.com/match/29628
29629,5,FRA-Ligue 1,2526,2025-11-02 Brest-Lyon,Brest,Lyon,2025-11-02 12:00:00,https://understat.com/match/29629
29630,5,FRA-Ligue 1,2526,2025-11-02 Lens-Lorient,Lens,Lorient,2025-11-02 12:00:00,https://understat.com/match/29630
29631,5,FRA-Ligue 1,2526,2025-11-02 Lille-Angers,Lille,Angers,2025-11-02 12:00:00,https://understat.com/match/29631
29632,5,FRA-Ligue 1,2526,2025-11-02 Monaco-Paris FC,Monaco,Paris FC,2025-11-02 12:00:00,https://understat.com/match/29632
29633,5,FRA-Ligue 1,2526,2025-11-02 Nantes-Metz,Nantes,Metz,2025-11-02 12:00:00,https://understat.com/match/29633
29634,5,FRA-Ligue 1,2526,2025-11-02 Paris Saint Germain-Nice,Paris Saint Germain,Nice,2025-11-02 12:00:00,https://understat.com/match/29634
29635,5,FRA-Ligue 1,2526,2025-11-02 Rennes-Strasbourg,Rennes,Strasbourg,2025-11-02 12:00:00,https://understat.com/match/29635
29636,5,FRA-Ligue 1,2526,2025-11-02 Toulouse-Le Havre,Toulouse,Le Havre,2025-11-02 12:00:00,https://understat.com/match/29636
29637,5,FRA-Ligue 1,2526,2025-11-09 Angers-Auxerre,Angers,Auxerre,2025-11-09 12:00:00,https://understat.com/match/29637
29638,5,FRA-Ligue 1,2526,2025-11-09 Le Havre-Nantes,Le Havre,Nantes,2025-11-09 12:00:00,https://understat.com/match/29638
29639,5,FRA-Ligue 1,2526,2025-11-09 Lorient-Toulouse,Lorient,Toulouse,2025-11-09 12:00:00,https://understat.com/match/29639
29640,5,FRA-Ligue 1,2526,2025-11-09 Lyon-Paris Saint Germain,Lyon,Paris Saint Germain,2025-11-09 12:00:00,https://understat.com/match/29640
29641,5,FRA-Ligue 1,2526,2025-11-09 Marseille-Brest,Marseille,Brest,2025-11-09 12:00:00,https://understat.com/match/29641
29642,5,FRA-Ligue 1,2526,2025-11-09 Metz-Nice,Metz,Nice,2025-11-09 12:00:00,https://understat.com/match/29642
29643,5,FRA-Ligue 1,2526,2025-11-09 Monaco-Lens,Monaco,Lens,2025-11-09 12:00:00,https://understat.com/match/29643
29644,5,FRA-Ligue 1,2526,2025-11-09 Paris FC-Rennes,Paris FC,Rennes,2025-11-09 12:00:00,https://understat.com/match/29644
29645,5,FRA-Ligue 1,2526,2025-11-09 Strasbourg-Lille,Strasbourg,Lille,2025-11-09 12:00:00,https://understat.com/match/29645
29646,5,FRA-Ligue 1,2526,2025-11-23 Auxerre-Lyon,Auxerre,Lyon,2025-11-23 12:00:00,https://understat.com/match/29646
29647,5,FRA-Ligue 1,2526,2025-11-23 Brest-Metz,Brest,Metz,2025-11-23 12:00:00,https://understat.com/match/29647
29648,5,FRA-Ligue 1,2526,2025-11-23 Lens-Strasbourg,Lens,Strasbourg,2025-11-23 12:00:00,https://understat.com/match/29648
29649,5,FRA-Ligue 1,2526,2025-11-23 Lille-Paris FC,Lille,Paris FC,2025-11-23 12:00:00,https://understat.com/match/29649
29650,5,FRA-Ligue 1,2526,2025-11-23 Nantes-Lorient,Nantes,Lorient,2025-11-23 12:00:00,https://understat.com/match/29650
29651,5,FRA-Ligue 1,2526,2025-11-23 Nice-Marseille,Nice,Marseille,2025-11-23 12:00:00,https://understat.com/match/29651
29652,5,FRA-Ligue 1,2526,2025-11-23 Paris Saint Germain-Le Havre,Paris Saint Germain,Le Havre,2025-11-23 12:00:00,https://understat.com/match/29652
29653,5,FRA-Ligue 1,2526,2025-11-23 Rennes-Monaco,Rennes,Monaco,2025-11-23 12:00:00,https://understat.com/match/29653
29654,5,FRA-Ligue 1,2526,2025-11-23 Toulouse-Angers,Toulouse,Angers,2025-11-23 12:00:00,https://understat.com/match/29654
29655,5,FRA-Ligue 1,2526,2025-11-30 Angers-Lens,Angers,Lens,2025-11-30 12:00:00,https://understat.com/match/29655
29656,5,FRA-Ligue 1,2526,2025-11-30 Le Havre-Lille,Le Havre,Lille,2025-11-30 12:00:00,https://understat.com/match/29656
29657,5,FRA-Ligue 1,2526,2025-11-30 Lorient-Nice,Lorient,Nice,2025-11-30 12:00:00,https://understat.com/match/29657
29658,5,FRA-Ligue 1,2526,2025-11-30 Lyon-Nantes,Lyon,Nantes,2025-11-30 12:00:00,https://understat.com/match/29658
29659,5,FRA-Ligue 1,2526,2025-11-30 Marseille-Toulouse,Marseille,Toulouse,2025-11-30 12:00:00,https://understat.com/match/29659
29660,5,FRA-Ligue 1,2526,2025-11-30 Metz-Rennes,Metz,Rennes,2025-11-30 12:00:00,https://understat.com/match/29660
29661,5,FRA-Ligue 1,2526,2025-11-30 Monaco-Paris Saint Germain,Monaco,Paris Saint Germain,2025-11-30 12:00:00,https://understat.com/match/29661
29662,5,FRA-Ligue 1,2526,2025-11-30 Paris FC-Auxerre,Paris FC,Auxerre,2025-11-30 12:00:00,https://understat.com/match/29662
29663,5,FRA-Ligue 1,2526,2025-11-30 Strasbourg-Brest,Strasbourg,Brest,2025-11-30 12:00:00,https://understat.com/match/29663
29664,5,FRA-Ligue 1,2526,2025-12-07 Auxerre-Metz,Auxerre,Metz,2025-12-07 12:00:00,https://understat.com/match/29664
29665,5,FRA-Ligue 1,2526,2025-12-07 Brest-Monaco,Brest,Monaco,2025-12-07 12:00:00,https://understat.com/match/29665
29666,5,FRA-Ligue 1,2526,2025-12-07 Le Havre-Paris FC,Le Havre,Paris FC,2025-12-07 12:00:00,https://understat.com/match/29666
29667,5,FRA-Ligue 1,2526,2025-12-07 Lille-Marseille,Lille,Marseille,2025-12-07 12:00:00,https://understat.com/match/29667
29668,5,FRA-Ligue 1,2526,2025-12-07 Lorient-Lyon,Lorient,Lyon,2025-12-07 12:00:00,https://understat.com/match/29668
29669,5,FRA-Ligue 1,2526,2025-12-07 Nantes-Lens,Nantes,Lens,2025-12-07 12:00:00,https://understat.com/match/29669
29670,5,FRA-Ligue 1,2526,2025-12-07 Nice-Angers,Nice,Angers,2025-12-07 12:00:00,https://understat.com/match/29670
29671,5,FRA-Ligue 1,2526,2025-12-07 Paris Saint Germain-Rennes,Paris Saint Germain,Rennes,2025-12-07 12:00:00,https://understat.com/match/29671
29672,5,FRA-Ligue 1,2526,2025-12-07 Toulouse-Strasbourg,Toulouse,Strasbourg,2025-12-07 12:00:00,https://understat.com/match/29672
29673,5,FRA-Ligue 1,2526,2025-12-14 Angers-Nantes,Angers,Nantes,2025-12-14 12:00:00,https://understat.com/match/29673
29674,5,FRA-Ligue 1,2526,2025-12-14 Auxerre-Lille,Auxerre,Lille,2025-12-14 12:00:00,https://understat.com/match/29674
29675,5,FRA-Ligue 1,2526,2025-12-14 Lens-Nice,Lens,Nice,2025-12-14 12:00:00,https://understat.com/match/29675
29679,5,FRA-Ligue 1,2526,2025-12-14 Lyon-Le Havre,Lyon,Le Havre,2025-12-14 12:00:00,https://understat.com/match/29679
29678,5,FRA-Ligue 1,2526,2025-12-14 Marseille-Monaco,Marseille,Monaco,2025-12-14 12:00:00,https://understat.com/match/29678
29677,5,FRA-Ligue 1,2526,2025-12-14 Metz-Paris Saint Germain,Metz,Paris Saint Germain,2025-12-14 12:00:00,https://understat.com/match/29677
29676,5,FRA-Ligue 1,2526,2025-12-14 Paris FC-Toulouse,Paris FC,Toulouse,2025-12-14 12:00:00,https://understat.com/match/29676
29681,5,FRA-Ligue 1,2526,2025-12-14 Rennes-Brest,Rennes,Brest,2025-12-14 12:00:00,https://understat.com/match/29681
29680,5,FRA-Ligue 1,2526,2025-12-14 Strasbourg-Lorient,Strasbourg,Lorient,2025-12-14 12:00:00,https://understat.com/match/29680
29682,5,FRA-Ligue 1,2526,2026-01-04 Brest-Auxerre,Brest,Auxerre,2026-01-04 12:00:00,https://understat.com/match/29682
29683,5,FRA-Ligue 1,2526,2026-01-04 Le Havre-Angers,Le Havre,Angers,2026-01-04 12:00:00,https://understat.com/match/29683
29684,5,FRA-Ligue 1,2526,2026-01-04 Lille-Rennes,Lille,Rennes,2026-01-04 12:00:00,https://understat.com/match/29684
29685,5,FRA-Ligue 1,2526,2026-01-04 Lorient-Metz,Lorient,Metz,2026-01-04 12:00:00,https://understat.com/match/29685
29686,5,FRA-Ligue 1,2526,2026-01-04 Marseille-Nantes,Marseille,Nantes,2026-01-04 12:00:00,https://understat.com/match/29686
29687,5,FRA-Ligue 1,2526,2026-01-04 Monaco-Lyon,Monaco,Lyon,2026-01-04 12:00:00,https://understat.com/match/29687
29688,5,FRA-Ligue 1,2526,2026-01-04 Nice-Strasbourg,Nice,Strasbourg,2026-01-04 12:00:00,https://understat.com/match/29688
29689,5,FRA-Ligue 1,2526,2026-01-04 Paris Saint Germain-Paris FC,Paris Saint Germain,Paris FC,2026-01-04 12:00:00,https://understat.com/match/29689
29690,5,FRA-Ligue 1,2526,2026-01-04 Toulouse-Lens,Toulouse,Lens,2026-01-04 12:00:00,https://understat.com/match/29690
29691,5,FRA-Ligue 1,2526,2026-01-18 Angers-Marseille,Angers,Marseille,2026-01-18 12:00:00,https://understat.com/match/29691
29692,5,FRA-Ligue 1,2526,2026-01-18 Lens-Auxerre,Lens,Auxerre,2026-01-18 12:00:00,https://understat.com/match/29692
29693,5,FRA-Ligue 1,2526,2026-01-18 Lyon-Brest,Lyon,Brest,2026-01-18 12:00:00,https://understat.com/match/29693
29694,5,FRA-Ligue 1,2526,2026-01-18 Monaco-Lorient,Monaco,Lorient,2026-01-18 12:00:00,https://understat.com/match/29694
29695,5,FRA-Ligue 1,2526,2026-01-18 Nantes-Paris FC,Nantes,Paris FC,2026-01-18 12:00:00,https://understat.com/match/29695
29696,5,FRA-Ligue 1,2526,2026-01-18 Paris Saint Germain-Lille,Paris Saint Germain,Lille,2026-01-18 12:00:00,https://understat.com/match/29696
29697,5,FRA-Ligue 1,2526,2026-01-18 Rennes-Le Havre,Rennes,Le Havre,2026-01-18 12:00:00,https://understat.com/match/29697
29698,5,FRA-Ligue 1,2526,2026-01-18 Strasbourg-Metz,Strasbourg,Metz,2026-01-18 12:00:00,https://understat.com/match/29698
29699,5,FRA-Ligue 1,2526,2026-01-18 Toulouse-Nice,Toulouse,Nice,2026-01-18 12:00:00,https://understat.com/match/29699
29700,5,FRA-Ligue 1,2526,2026-01-25 Auxerre-Paris Saint Germain,Auxerre,Paris Saint Germain,2026-01-25 12:00:00,https://understat.com/match/29700
29701,5,FRA-Ligue 1,2526,2026-01-25 Brest-Toulouse,Brest,Toulouse,2026-01-25 12:00:00,https://understat.com/match/29701
29702,5,FRA-Ligue 1,2526,2026-01-25 Le Havre-Monaco,Le Havre,Monaco,2026-01-25 12:00:00,https://understat.com/match/29702
29703,5,FRA-Ligue 1,2526,2026-01-25 Lille-Strasbourg,Lille,Strasbourg,2026-01-25 12:00:00,https://understat.com/match/29703
29704,5,FRA-Ligue 1,2526,2026-01-25 Marseille-Lens,Marseille,Lens,2026-01-25 12:00:00,https://understat.com/match/29704
29705,5,FRA-Ligue 1,2526,2026-01-25 Metz-Lyon,Metz,Lyon,2026-01-25 12:00:00,https://understat.com/match/29705
29706,5,FRA-Ligue 1,2526,2026-01-25 Nantes-Nice,Nantes,Nice,2026-01-25 12:00:00,https://understat.com/match/29706
29707,5,FRA-Ligue 1,2526,2026-01-25 Paris FC-Angers,Paris FC,Angers,2026-01-25 12:00:00,https://understat.com/match/29707
29708,5,FRA-Ligue 1,2526,2026-01-25 Rennes-Lorient,Rennes,Lorient,2026-01-25 12:00:00,https://understat.com/match/29708
29709,5,FRA-Ligue 1,2526,2026-02-01 Angers-Metz,Angers,Metz,2026-02-01 12:00:00,https://understat.com/match/29709
29710,5,FRA-Ligue 1,2526,2026-02-01 Lens-Le Havre,Lens,Le Havre,2026-02-01 12:00:00,https://understat.com/match/29710
29711,5,FRA-Ligue 1,2526,2026-02-01 Lorient-Nantes,Lorient,Nantes,2026-02-01 12:00:00,https://understat.com/match/29711
29712,5,FRA-Ligue 1,2526,2026-02-01 Lyon-Lille,Lyon,Lille,2026-02-01 12:00:00,https://understat.com/match/29712
29713,5,FRA-Ligue 1,2526,2026-02-01 Monaco-Rennes,Monaco,Rennes,2026-02-01 12:00:00,https://understat.com/match/29713
29714,5,FRA-Ligue 1,2526,2026-02-01 Nice-Brest,Nice,Brest,2026-02-01 12:00:00,https://understat.com/match/29714
29715,5,FRA-Ligue 1,2526,2026-02-01 Paris FC-Marseille,Paris FC,Marseille,2026-02-01 12:00:00,https://understat.com/match/29715
29716,5,FRA-Ligue 1,2526,2026-02-01 Strasbourg-Paris Saint Germain,Strasbourg,Paris Saint Germain,2026-02-01 12:00:00,https://understat.com/match/29716
29717,5,FRA-Ligue 1,2526,2026-02-01 Toulouse-Auxerre,Toulouse,Auxerre,2026-02-01 12:00:00,https://understat.com/match/29717
29718,5,FRA-Ligue 1,2526,2026-02-08 Angers-Toulouse,Angers,Toulouse,2026-02-08 12:00:00,https://understat.com/match/29718
29719,5,FRA-Ligue 1,2526,2026-02-08 Auxerre-Paris FC,Auxerre,Paris FC,2026-02-08 12:00:00,https://understat.com/match/29719
29720,5,FRA-Ligue 1,2526,2026-02-08 Brest-Lorient,Brest,Lorient,2026-02-08 12:00:00,https://understat.com/match/29720
29721,5,FRA-Ligue 1,2526,2026-02-08 Le Havre-Strasbourg,Le Havre,Strasbourg,2026-02-08 12:00:00,https://understat.com/match/29721
29722,5,FRA-Ligue 1,2526,2026-02-08 Lens-Rennes,Lens,Rennes,2026-02-08 12:00:00,https://understat.com/match/29722
29723,5,FRA-Ligue 1,2526,2026-02-08 Metz-Lille,Metz,Lille,2026-02-08 12:00:00,https://understat.com/match/29723
29724,5,FRA-Ligue 1,2526,2026-02-08 Nantes-Lyon,Nantes,Lyon,2026-02-08 12:00:00,https://understat.com/match/29724
29725,5,FRA-Ligue 1,2526,2026-02-08 Nice-Monaco,Nice,Monaco,2026-02-08 12:00:00,https://understat.com/match/29725
29726,5,FRA-Ligue 1,2526,2026-02-08 Paris Saint Germain-Marseille,Paris Saint Germain,Marseille,2026-02-08 12:00:00,https://understat.com/match/29726
29727,5,FRA-Ligue 1,2526,2026-02-15 Le Havre-Toulouse,Le Havre,Toulouse,2026-02-15 12:00:00,https://understat.com/match/29727
29728,5,FRA-Ligue 1,2526,2026-02-15 Lille-Brest,Lille,Brest,2026-02-15 12:00:00,https://understat.com/match/29728
29729,5,FRA-Ligue 1,2526,2026-02-15 Lorient-Angers,Lorient,Angers,2026-02-15 12:00:00,https://understat.com/match/29729
29730,5,FRA-Ligue 1,2526,2026-02-15 Lyon-Nice,Lyon,Nice,2026-02-15 12:00:00,https://understat.com/match/29730
29731,5,FRA-Ligue 1,2526,2026-02-15 Marseille-Strasbourg,Marseille,Strasbourg,2026-02-15 12:00:00,https://understat.com/match/29731
29732,5,FRA-Ligue 1,2526,2026-02-15 Metz-Auxerre,Metz,Auxerre,2026-02-15 12:00:00,https://understat.com/match/29732
29733,5,FRA-Ligue 1,2526,2026-02-15 Monaco-Nantes,Monaco,Nantes,2026-02-15 12:00:00,https://understat.com/match/29733
29734,5,FRA-Ligue 1,2526,2026-02-15 Paris FC-Lens,Paris FC,Lens,2026-02-15 12:00:00,https://understat.com/match/29734
29735,5,FRA-Ligue 1,2526,2026-02-15 Rennes-Paris Saint Germain,Rennes,Paris Saint Germain,2026-02-15 12:00:00,https://understat.com/match/29735
29736,5,FRA-Ligue 1,2526,2026-02-22 Angers-Lille,Angers,Lille,2026-02-22 12:00:00,https://understat.com/match/29736
29737,5,FRA-Ligue 1,2526,2026-02-22 Auxerre-Rennes,Auxerre,Rennes,2026-02-22 12:00:00,https://understat.com/match/29737
29738,5,FRA-Ligue 1,2526,2026-02-22 Brest-Marseille,Brest,Marseille,2026-02-22 12:00:00,https://understat.com/match/29738
29739,5,FRA-Ligue 1,2526,2026-02-22 Lens-Monaco,Lens,Monaco,2026-02-22 12:00:00,https://understat.com/match/29739
29740,5,FRA-Ligue 1,2526,2026-02-22 Nantes-Le Havre,Nantes,Le Havre,2026-02-22 12:00:00,https://understat.com/match/29740
29741,5,FRA-Ligue 1,2526,2026-02-22 Nice-Lorient,Nice,Lorient,2026-02-22 12:00:00,https://understat.com/match/29741
29742,5,FRA-Ligue 1,2526,2026-02-22 Paris Saint Germain-Metz,Paris Saint Germain,Metz,2026-02-22 12:00:00,https://understat.com/match/29742
29743,5,FRA-Ligue 1,2526,2026-02-22 Strasbourg-Lyon,Strasbourg,Lyon,2026-02-22 12:00:00,https://understat.com/match/29743
29744,5,FRA-Ligue 1,2526,2026-02-22 Toulouse-Paris FC,Toulouse,Paris FC,2026-02-22 12:00:00,https://understat.com/match/29744
29745,5,FRA-Ligue 1,2526,2026-03-01 Le Havre-Paris Saint Germain,Le Havre,Paris Saint Germain,2026-03-01 12:00:00,https://understat.com/match/29745
29746,5,FRA-Ligue 1,2526,2026-03-01 Lille-Nantes,Lille,Nantes,2026-03-01 12:00:00,https://understat.com/match/29746
29747,5,FRA-Ligue 1,2526,2026-03-01 Lorient-Auxerre,Lorient,Auxerre,2026-03-01 12:00:00,https://understat.com/match/29747
29748,5,FRA-Ligue 1,2526,2026-03-01 Marseille-Lyon,Marseille,Lyon,2026-03-01 12:00:00,https://understat.com/match/29748
29749,5,FRA-Ligue 1,2526,2026-03-01 Metz-Brest,Metz,Brest,2026-03-01 12:00:00,https://understat.com/match/29749
29750,5,FRA-Ligue 1,2526,2026-03-01 Monaco-Angers,Monaco,Angers,2026-03-01 12:00:00,https://understat.com/match/29750
29751,5,FRA-Ligue 1,2526,2026-03-01 Paris FC-Nice,Paris FC,Nice,2026-03-01 12:00:00,https://understat.com/match/29751
29752,5,FRA-Ligue 1,2526,2026-03-01 Rennes-Toulouse,Rennes,Toulouse,2026-03-01 12:00:00,https://understat.com/match/29752
29753,5,FRA-Ligue 1,2526,2026-03-01 Strasbourg-Lens,Strasbourg,Lens,2026-03-01 12:00:00,https://understat.com/match/29753
29754,5,FRA-Ligue 1,2526,2026-03-08 Auxerre-Strasbourg,Auxerre,Strasbourg,2026-03-08 12:00:00,https://understat.com/match/29754
29755,5,FRA-Ligue 1,2526,2026-03-08 Brest-Le Havre,Brest,Le Havre,2026-03-08 12:00:00,https://understat.com/match/29755
29756,5,FRA-Ligue 1,2526,2026-03-08 Lens-Metz,Lens,Metz,2026-03-08 12:00:00,https://understat.com/match/29756
29757,5,FRA-Ligue 1,2526,2026-03-08 Lille-Lorient,Lille,Lorient,2026-03-08 12:00:00,https://understat.com/match/29757
29758,5,FRA-Ligue 1,2526,2026-03-08 Lyon-Paris FC,Lyon,Paris FC,2026-03-08 12:00:00,https://understat.com/match/29758
29759,5,FRA-Ligue 1,2526,2026-03-08 Nantes-Angers,Nantes,Angers,2026-03-08 12:00:00,https://understat.com/match/29759
29760,5,FRA-Ligue 1,2526,2026-03-08 Nice-Rennes,Nice,Rennes,2026-03-08 12:00:00,https://understat.com/match/29760
29761,5,FRA-Ligue 1,2526,2026-03-08 Paris Saint Germain-Monaco,Paris Saint Germain,Monaco,2026-03-08 12:00:00,https://understat.com/match/29761
29762,5,FRA-Ligue 1,2526,2026-03-08 Toulouse-Marseille,Toulouse,Marseille,2026-03-08 12:00:00,https://understat.com/match/29762
29763,5,FRA-Ligue 1,2526,2026-03-15 Angers-Nice,Angers,Nice,2026-03-15 12:00:00,https://understat.com/match/29763
29764,5,FRA-Ligue 1,2526,2026-03-15 Le Havre-Lyon,Le Havre,Lyon,2026-03-15 12:00:00,https://understat.com/match/29764
29765,5,FRA-Ligue 1,2526,2026-03-15 Lorient-Lens,Lorient,Lens,2026-03-15 12:00:00,https://understat.com/match/29765
29766,5,FRA-Ligue 1,2526,2026-03-15 Marseille-Auxerre,Marseille,Auxerre,2026-03-15 12:00:00,https://understat.com/match/29766
29767,5,FRA-Ligue 1,2526,2026-03-15 Metz-Toulouse,Metz,Toulouse,2026-03-15 12:00:00,https://understat.com/match/29767
29768,5,FRA-Ligue 1,2526,2026-03-15 Monaco-Brest,Monaco,Brest,2026-03-15 12:00:00,https://understat.com/match/29768
29769,5,FRA-Ligue 1,2526,2026-03-15 Paris Saint Germain-Nantes,Paris Saint Germain,Nantes,2026-03-15 12:00:00,https://understat.com/match/29769
29770,5,FRA-Ligue 1,2526,2026-03-15 Rennes-Lille,Rennes,Lille,2026-03-15 12:00:00,https://understat.com/match/29770
29771,5,FRA-Ligue 1,2526,2026-03-15 Strasbourg-Paris FC,Strasbourg,Paris FC,2026-03-15 12:00:00,https://understat.com/match/29771
29772,5,FRA-Ligue 1,2526,2026-03-22 Auxerre-Brest,Auxerre,Brest,2026-03-22 12:00:00,https://understat.com/match/29772
29773,5,FRA-Ligue 1,2526,2026-03-22 Lens-Angers,Lens,Angers,2026-03-22 12:00:00,https://understat.com/match/29773
29774,5,FRA-Ligue 1,2526,2026-03-22 Lyon-Monaco,Lyon,Monaco,2026-03-22 12:00:00,https://understat.com/match/29774
29775,5,FRA-Ligue 1,2526,2026-03-22 Marseille-Lille,Marseille,Lille,2026-03-22 12:00:00,https://understat.com/match/29775
29776,5,FRA-Ligue 1,2526,2026-03-22 Nantes-Strasbourg,Nantes,Strasbourg,2026-03-22 12:00:00,https://understat.com/match/29776
29777,5,FRA-Ligue 1,2526,2026-03-22 Nice-Paris Saint Germain,Nice,Paris Saint Germain,2026-03-22 12:00:00,https://understat.com/match/29777
29778,5,FRA-Ligue 1,2526,2026-03-22 Paris FC-Le Havre,Paris FC,Le Havre,2026-03-22 12:00:00,https://understat.com/match/29778
29779,5,FRA-Ligue 1,2526,2026-03-22 Rennes-Metz,Rennes,Metz,2026-03-22 12:00:00,https://understat.com/match/29779
29780,5,FRA-Ligue 1,2526,2026-03-22 Toulouse-Lorient,Toulouse,Lorient,2026-03-22 12:00:00,https://understat.com/match/29780
29781,5,FRA-Ligue 1,2526,2026-04-05 Angers-Lyon,Angers,Lyon,2026-04-05 12:00:00,https://understat.com/match/29781
29782,5,FRA-Ligue 1,2526,2026-04-05 Brest-Rennes,Brest,Rennes,2026-04-05 12:00:00,https://understat.com/match/29782
29783,5,FRA-Ligue 1,2526,2026-04-05 Le Havre-Auxerre,Le Havre,Auxerre,2026-04-05 12:00:00,https://understat.com/match/29783
29784,5,FRA-Ligue 1,2526,2026-04-05 Lille-Lens,Lille,Lens,2026-04-05 12:00:00,https://understat.com/match/29784
29785,5,FRA-Ligue 1,2526,2026-04-05 Lorient-Paris FC,Lorient,Paris FC,2026-04-05 12:00:00,https://understat.com/match/29785
29786,5,FRA-Ligue 1,2526,2026-04-05 Metz-Nantes,Metz,Nantes,2026-04-05 12:00:00,https://understat.com/match/29786
29787,5,FRA-Ligue 1,2526,2026-04-05 Monaco-Marseille,Monaco,Marseille,2026-04-05 12:00:00,https://understat.com/match/29787
29788,5,FRA-Ligue 1,2526,2026-04-05 Paris Saint Germain-Toulouse,Paris Saint Germain,Toulouse,2026-04-05 12:00:00,https://understat.com/match/29788
29789,5,FRA-Ligue 1,2526,2026-04-05 Strasbourg-Nice,Strasbourg,Nice,2026-04-05 12:00:00,https://understat.com/match/29789
29790,5,FRA-Ligue 1,2526,2026-04-12 Auxerre-Nantes,Auxerre,Nantes,2026-04-12 12:00:00,https://understat.com/match/29790
29791,5,FRA-Ligue 1,2526,2026-04-12 Brest-Strasbourg,Brest,Strasbourg,2026-04-12 12:00:00,https://understat.com/match/29791
29792,5,FRA-Ligue 1,2526,2026-04-12 Lens-Paris Saint Germain,Lens,Paris Saint Germain,2026-04-12 12:00:00,https://understat.com/match/29792
29793,5,FRA-Ligue 1,2526,2026-04-12 Lyon-Lorient,Lyon,Lorient,2026-04-12 12:00:00,https://understat.com/match/29793
29794,5,FRA-Ligue 1,2526,2026-04-12 Marseille-Metz,Marseille,Metz,2026-04-12 12:00:00,https://understat.com/match/29794
29795,5,FRA-Ligue 1,2526,2026-04-12 Nice-Le Havre,Nice,Le Havre,2026-04-12 12:00:00,https://understat.com/match/29795
29796,5,FRA-Ligue 1,2526,2026-04-12 Paris FC-Monaco,Paris FC,Monaco,2026-04-12 12:00:00,https://understat.com/match/29796
29797,5,FRA-Ligue 1,2526,2026-04-12 Rennes-Angers,Rennes,Angers,2026-04-12 12:00:00,https://understat.com/match/29797
29798,5,FRA-Ligue 1,2526,2026-04-12 Toulouse-Lille,Toulouse,Lille,2026-04-12 12:00:00,https://understat.com/match/29798
29799,5,FRA-Ligue 1,2526,2026-04-19 Angers-Le Havre,Angers,Le Havre,2026-04-19 12:00:00,https://understat.com/match/29799
29800,5,FRA-Ligue 1,2526,2026-04-19 Lens-Toulouse,Lens,Toulouse,2026-04-19 12:00:00,https://understat.com/match/29800
29801,5,FRA-Ligue 1,2526,2026-04-19 Lille-Nice,Lille,Nice,2026-04-19 12:00:00,https://understat.com/match/29801
29802,5,FRA-Ligue 1,2526,2026-04-19 Lorient-Marseille,Lorient,Marseille,2026-04-19 12:00:00,https://understat.com/match/29802
29803,5,FRA-Ligue 1,2526,2026-04-19 Metz-Paris FC,Metz,Paris FC,2026-04-19 12:00:00,https://understat.com/match/29803
29804,5,FRA-Ligue 1,2526,2026-04-19 Monaco-Auxerre,Monaco,Auxerre,2026-04-19 12:00:00,https://understat.com/match/29804
29805,5,FRA-Ligue 1,2526,2026-04-19 Nantes-Brest,Nantes,Brest,2026-04-19 12:00:00,https://understat.com/match/29805
29806,5,FRA-Ligue 1,2526,2026-04-19 Paris Saint Germain-Lyon,Paris Saint Germain,Lyon,2026-04-19 12:00:00,https://understat.com/match/29806
29807,5,FRA-Ligue 1,2526,2026-04-19 Strasbourg-Rennes,Strasbourg,Rennes,2026-04-19 12:00:00,https://understat.com/match/29807
29808,5,FRA-Ligue 1,2526,2026-04-26 Angers-Paris Saint Germain,Angers,Paris Saint Germain,2026-04-26 12:00:00,https://understat.com/match/29808
29809,5,FRA-Ligue 1,2526,2026-04-26 Brest-Lens,Brest,Lens,2026-04-26 12:00:00,https://understat.com/match/29809
29810,5,FRA-Ligue 1,2526,2026-04-26 Le Havre-Metz,Le Havre,Metz,2026-04-26 12:00:00,https://understat.com/match/29810
29811,5,FRA-Ligue 1,2526,2026-04-26 Lorient-Strasbourg,Lorient,Strasbourg,2026-04-26 12:00:00,https://understat.com/match/29811
29812,5,FRA-Ligue 1,2526,2026-04-26 Lyon-Auxerre,Lyon,Auxerre,2026-04-26 12:00:00,https://understat.com/match/29812
29813,5,FRA-Ligue 1,2526,2026-04-26 Marseille-Nice,Marseille,Nice,2026-04-26 12:00:00,https://understat.com/match/29813
29814,5,FRA-Ligue 1,2526,2026-04-26 Paris FC-Lille,Paris FC,Lille,2026-04-26 12:00:00,https://understat.com/match/29814
29815,5,FRA-Ligue 1,2526,2026-04-26 Rennes-Nantes,Rennes,Nantes,2026-04-26 12:00:00,https://understat.com/match/29815
29816,5,FRA-Ligue 1,2526,2026-04-26 Toulouse-Monaco,Toulouse,Monaco,2026-04-26 12:00:00,https://understat.com/match/29816
29817,5,FRA-Ligue 1,2526,2026-05-03 Auxerre-Angers,Auxerre,Angers,2026-05-03 12:00:00,https://understat.com/match/29817
29818,5,FRA-Ligue 1,2526,2026-05-03 Lille-Le Havre,Lille,Le Havre,2026-05-03 12:00:00,https://understat.com/match/29818
29819,5,FRA-Ligue 1,2526,2026-05-03 Lyon-Rennes,Lyon,Rennes,2026-05-03 12:00:00,https://understat.com/match/29819
29820,5,FRA-Ligue 1,2526,2026-05-03 Metz-Monaco,Metz,Monaco,2026-05-03 12:00:00,https://understat.com/match/29820
29821,5,FRA-Ligue 1,2526,2026-05-03 Nantes-Marseille,Nantes,Marseille,2026-05-03 12:00:00,https://understat.com/match/29821
29822,5,FRA-Ligue 1,2526,2026-05-03 Nice-Lens,Nice,Lens,2026-05-03 12:00:00,https://understat.com/match/29822
29823,5,FRA-Ligue 1,2526,2026-05-03 Paris FC-Brest,Paris FC,Brest,2026-05-03 12:00:00,https://understat.com/match/29823
29824,5,FRA-Ligue 1,2526,2026-05-03 Paris Saint Germain-Lorient,Paris Saint Germain,Lorient,2026-05-03 12:00:00,https://understat.com/match/29824
29825,5,FRA-Ligue 1,2526,2026-05-03 Strasbourg-Toulouse,Strasbourg,Toulouse,2026-05-03 12:00:00,https://understat.com/match/29825
29826,5,FRA-Ligue 1,2526,2026-05-09 Angers-Strasbourg,Angers,Strasbourg,2026-05-09 12:00:00,https://understat.com/match/29826
29827,5,FRA-Ligue 1,2526,2026-05-09 Auxerre-Nice,Auxerre,Nice,2026-05-09 12:00:00,https://understat.com/match/29827
29828,5,FRA-Ligue 1,2526,2026-05-09 Le Havre-Marseille,Le Havre,Marseille,2026-05-09 12:00:00,https://understat.com/match/29828
29829,5,FRA-Ligue 1,2526,2026-05-09 Lens-Nantes,Lens,Nantes,2026-05-09 12:00:00,https://understat.com/match/29829
29830,5,FRA-Ligue 1,2526,2026-05-09 Metz-Lorient,Metz,Lorient,2026-05-09 12:00:00,https://understat.com/match/29830
29831,5,FRA-Ligue 1,2526,2026-05-09 Monaco-Lille,Monaco,Lille,2026-05-09 12:00:00,https://understat.com/match/29831
29832,5,FRA-Ligue 1,2526,2026-05-09 Paris Saint Germain-Brest,Paris Saint Germain,Brest,2026-05-09 12:00:00,https://understat.com/match/29832
29833,5,FRA-Ligue 1,2526,2026-05-09 Rennes-Paris FC,Rennes,Paris FC,2026-05-09 12:00:00,https://understat.com/match/29833
29834,5,FRA-Ligue 1,2526,2026-05-09 Toulouse-Lyon,Toulouse,Lyon,2026-05-09 12:00:00,https://understat.com/match/29834
29835,5,FRA-Ligue 1,2526,2026-05-16 Brest-Angers,Brest,Angers,2026-05-16 12:00:00,https://understat.com/match/29835
29836,5,FRA-Ligue 1,2526,2026-05-16 Lille-Auxerre,Lille,Auxerre,2026-05-16 12:00:00,https://understat.com/match/29836
29837,5,FRA-Ligue 1,2526,2026-05-16 Lorient-Le Havre,Lorient,Le Havre,2026-05-16 12:00:00,https://understat.com/match/29837
29838,5,FRA-Ligue 1,2526,2026-05-16 Lyon-Lens,Lyon,Lens,2026-05-16 12:00:00,https://understat.com/match/29838
29839,5,FRA-Ligue 1,2526,2026-05-16 Marseille-Rennes,Marseille,Rennes,2026-05-16 12:00:00,https://understat.com/match/29839
29840,5,FRA-Ligue 1,2526,2026-05-16 Nantes-Toulouse,Nantes,Toulouse,2026-05-16 12:00:00,https://understat.com/match/29840
29841,5,FRA-Ligue 1,2526,2026-05-16 Nice-Metz,Nice,Metz,2026-05-16 12:00:00,https://understat.com/match/29841
29842,5,FRA-Ligue 1,2526,2026-05-16 Paris FC-Paris Saint Germain,Paris FC,Paris Saint Germain,2026-05-16 12:00:00,https://understat.com/match/29842
29843,5,FRA-Ligue 1,2526,2026-05-16 Strasbourg-Monaco,Strasbourg,Monaco,2026-05-16 12:00:00,https://understat.com/match/29843
30224,3,GER-Bundesliga,2526,2025-08-22 Bayern Munich-RasenBallsport Leipzig,Bayern Munich,RasenBallsport Leipzig,2025-08-22 18:30:00,https://understat.com/match/30224
30226,3,GER-Bundesliga,2526,2025-08-23 Bayer Leverkusen-Hoffenheim,Bayer Leverkusen,Hoffenheim,2025-08-23 13:30:00,https://understat.com/match/30226
30228,3,GER-Bundesliga,2526,2025-08-23 Eintracht Frankfurt-Werder Bremen,Eintracht Frankfurt,Werder Bremen,2025-08-23 13:30:00,https://understat.com/match/30228
30225,3,GER-Bundesliga,2526,2025-08-23 FC Heidenheim-Wolfsburg,FC Heidenheim,Wolfsburg,2025-08-23 13:30:00,https://understat.com/match/30225
30229,3,GER-Bundesliga,2526,2025-08-23 Freiburg-Augsburg,Freiburg,Augsburg,2025-08-23 13:30:00,https://understat.com/match/30229
30230,3,GER-Bundesliga,2526,2025-08-23 St. Pauli-Borussia Dortmund,St. Pauli,Borussia Dortmund,2025-08-23 16:30:00,https://understat.com/match/30230
30227,3,GER-Bundesliga,2526,2025-08-23 Union Berlin-VfB Stuttgart,Union Berlin,VfB Stuttgart,2025-08-23 13:30:00,https://understat.com/match/30227
30232,3,GER-Bundesliga,2526,2025-08-24 Borussia M.Gladbach-Hamburger SV,Borussia M.Gladbach,Hamburger SV,2025-08-24 15:30:00,https://understat.com/match/30232
30231,3,GER-Bundesliga,2526,2025-08-24 Mainz 05-FC Cologne,Mainz 05,FC Cologne,2025-08-24 13:30:00,https://understat.com/match/30231
30233,3,GER-Bundesliga,2526,2025-08-29 Hamburger SV-St. Pauli,Hamburger SV,St. Pauli,2025-08-29 18:30:00,https://understat.com/match/30233
30238,3,GER-Bundesliga,2526,2025-08-30 Augsburg-Bayern Munich,Augsburg,Bayern Munich,2025-08-30 16:30:00,https://understat.com/match/30238
30234,3,GER-Bundesliga,2526,2025-08-30 Hoffenheim-Eintracht Frankfurt,Hoffenheim,Eintracht Frankfurt,2025-08-30 13:30:00,https://understat.com/match/30234
30235,3,GER-Bundesliga,2526,2025-08-30 RasenBallsport Leipzig-FC Heidenheim,RasenBallsport Leipzig,FC Heidenheim,2025-08-30 13:30:00,https://understat.com/match/30235
30237,3,GER-Bundesliga,2526,2025-08-30 VfB Stuttgart-Borussia M.Gladbach,VfB Stuttgart,Borussia M.Gladbach,2025-08-30 13:30:00,https://understat.com/match/30237
30236,3,GER-Bundesliga,2526,2025-08-30 Werder Bremen-Bayer Leverkusen,Werder Bremen,Bayer Leverkusen,2025-08-30 13:30:00,https://understat.com/match/30236
30240,3,GER-Bundesliga,2526,2025-08-31 Borussia Dortmund-Union Berlin,Borussia Dortmund,Union Berlin,2025-08-31 15:30:00,https://understat.com/match/30240
30241,3,GER-Bundesliga,2526,2025-08-31 FC Cologne-Freiburg,FC Cologne,Freiburg,2025-08-31 17:30:00,https://understat.com/match/30241
30239,3,GER-Bundesliga,2526,2025-08-31 Wolfsburg-Mainz 05,Wolfsburg,Mainz 05,2025-08-31 13:30:00,https://understat.com/match/30239
30242,3,GER-Bundesliga,2526,2025-09-12 Bayer Leverkusen-Eintracht Frankfurt,Bayer Leverkusen,Eintracht Frankfurt,2025-09-12 18:30:00,https://understat.com/match/30242
30248,3,GER-Bundesliga,2526,2025-09-13 Bayern Munich-Hamburger SV,Bayern Munich,Hamburger SV,2025-09-13 16:30:00,https://understat.com/match/30248
30244,3,GER-Bundesliga,2526,2025-09-13 FC Heidenheim-Borussia Dortmund,FC Heidenheim,Borussia Dortmund,2025-09-13 13:30:00,https://understat.com/match/30244
30243,3,GER-Bundesliga,2526,2025-09-13 Freiburg-VfB Stuttgart,Freiburg,VfB Stuttgart,2025-09-13 13:30:00,https://understat.com/match/30243
30245,3,GER-Bundesliga,2526,2025-09-13 Mainz 05-RasenBallsport Leipzig,Mainz 05,RasenBallsport Leipzig,2025-09-13 13:30:00,https://understat.com/match/30245
30247,3,GER-Bundesliga,2526,2025-09-13 Union Berlin-Hoffenheim,Union Berlin,Hoffenheim,2025-09-13 13:30:00,https://understat.com/match/30247
30246,3,GER-Bundesliga,2526,2025-09-13 Wolfsburg-FC Cologne,Wolfsburg,FC Cologne,2025-09-13 13:30:00,https://understat.com/match/30246
30250,3,GER-Bundesliga,2526,2025-09-14 Borussia M.Gladbach-Werder Bremen,Borussia M.Gladbach,Werder Bremen,2025-09-14 15:30:00,https://understat.com/match/30250
30249,3,GER-Bundesliga,2526,2025-09-14 St. Pauli-Augsburg,St. Pauli,Augsburg,2025-09-14 13:30:00,https://understat.com/match/30249
30251,3,GER-Bundesliga,2526,2025-09-19 VfB Stuttgart-St. Pauli,VfB Stuttgart,St. Pauli,2025-09-19 18:30:00,https://understat.com/match/30251
30253,3,GER-Bundesliga,2526,2025-09-20 Augsburg-Mainz 05,Augsburg,Mainz 05,2025-09-20 13:30:00,https://understat.com/match/30253
30254,3,GER-Bundesliga,2526,2025-09-20 Hamburger SV-FC Heidenheim,Hamburger SV,FC Heidenheim,2025-09-20 13:30:00,https://understat.com/match/30254
30255,3,GER-Bundesliga,2526,2025-09-20 Hoffenheim-Bayern Munich,Hoffenheim,Bayern Munich,2025-09-20 13:30:00,https://understat.com/match/30255
30256,3,GER-Bundesliga,2526,2025-09-20 RasenBallsport Leipzig-FC Cologne,RasenBallsport Leipzig,FC Cologne,2025-09-20 16:30:00,https://understat.com/match/30256
30252,3,GER-Bundesliga,2526,2025-09-20 Werder Bremen-Freiburg,Werder Bremen,Freiburg,2025-09-20 13:30:00,https://understat.com/match/30252
30258,3,GER-Bundesliga,2526,2025-09-21 Bayer Leverkusen-Borussia M.Gladbach,Bayer Leverkusen,Borussia M.Gladbach,2025-09-21 15:30:00,https://understat.com/match/30258
30259,3,GER-Bundesliga,2526,2025-09-21 Borussia Dortmund-Wolfsburg,Borussia Dortmund,Wolfsburg,2025-09-21 17:30:00,https://understat.com/match/30259
30257,3,GER-Bundesliga,2526,2025-09-21 Eintracht Frankfurt-Union Berlin,Eintracht Frankfurt,Union Berlin,2025-09-21 13:30:00,https://understat.com/match/30257
30260,3,GER-Bundesliga,2526,2025-09-26 Bayern Munich-Werder Bremen,Bayern Munich,Werder Bremen,2025-09-26 18:30:00,https://understat.com/match/30260
30265,3,GER-Bundesliga,2526,2025-09-27 Borussia M.Gladbach-Eintracht Frankfurt,Borussia M.Gladbach,Eintracht Frankfurt,2025-09-27 16:30:00,https://understat.com/match/30265
30261,3,GER-Bundesliga,2526,2025-09-27 FC Heidenheim-Augsburg,FC Heidenheim,Augsburg,2025-09-27 13:30:00,https://understat.com/match/30261
30262,3,GER-Bundesliga,2526,2025-09-27 Mainz 05-Borussia Dortmund,Mainz 05,Borussia Dortmund,2025-09-27 13:30:00,https://understat.com/match/30262
30263,3,GER-Bundesliga,2526,2025-09-27 St. Pauli-Bayer Leverkusen,St. Pauli,Bayer Leverkusen,2025-09-27 13:30:00,https://understat.com/match/30263
30264,3,GER-Bundesliga,2526,2025-09-27 Wolfsburg-RasenBallsport Leipzig,Wolfsburg,RasenBallsport Leipzig,2025-09-27 13:30:00,https://understat.com/match/30264
30267,3,GER-Bundesliga,2526,2025-09-28 FC Cologne-VfB Stuttgart,FC Cologne,VfB Stuttgart,2025-09-28 15:30:00,https://understat.com/match/30267
30266,3,GER-Bundesliga,2526,2025-09-28 Freiburg-Hoffenheim,Freiburg,Hoffenheim,2025-09-28 13:30:00,https://understat.com/match/30266
30268,3,GER-Bundesliga,2526,2025-09-28 Union Berlin-Hamburger SV,Union Berlin,Hamburger SV,2025-09-28 17:30:00,https://understat.com/match/30268
30274,3,GER-Bundesliga,2526,2025-10-03 Hoffenheim-FC Cologne,Hoffenheim,FC Cologne,2025-10-03 18:30:00,https://understat.com/match/30274
30276,3,GER-Bundesliga,2526,2025-10-04 Augsburg-Wolfsburg,Augsburg,Wolfsburg,2025-10-04 13:30:00,https://understat.com/match/30276
30269,3,GER-Bundesliga,2526,2025-10-04 Bayer Leverkusen-Union Berlin,Bayer Leverkusen,Union Berlin,2025-10-04 13:30:00,https://understat.com/match/30269
30271,3,GER-Bundesliga,2526,2025-10-04 Borussia Dortmund-RasenBallsport Leipzig,Borussia Dortmund,RasenBallsport Leipzig,2025-10-04 13:30:00,https://understat.com/match/30271
30272,3,GER-Bundesliga,2526,2025-10-04 Eintracht Frankfurt-Bayern Munich,Eintracht Frankfurt,Bayern Munich,2025-10-04 16:30:00,https://understat.com/match/30272
30277,3,GER-Bundesliga,2526,2025-10-04 Werder Bremen-St. Pauli,Werder Bremen,St. Pauli,2025-10-04 13:30:00,https://understat.com/match/30277
30270,3,GER-Bundesliga,2526,2025-10-05 Borussia M.Gladbach-Freiburg,Borussia M.Gladbach,Freiburg,2025-10-05 17:30:00,https://understat.com/match/30270
30273,3,GER-Bundesliga,2526,2025-10-05 Hamburger SV-Mainz 05,Hamburger SV,Mainz 05,2025-10-05 15:30:00,https://understat.com/match/30273
30275,3,GER-Bundesliga,2526,2025-10-05 VfB Stuttgart-FC Heidenheim,VfB Stuttgart,FC Heidenheim,2025-10-05 13:30:00,https://understat.com/match/30275
30285,3,GER-Bundesliga,2526,2025-10-17 Union Berlin-Borussia M.Gladbach,Union Berlin,Borussia M.Gladbach,2025-10-17 18:30:00,https://understat.com/match/30285
30278,3,GER-Bundesliga,2526,2025-10-18 Bayern Munich-Borussia Dortmund,Bayern Munich,Borussia Dortmund,2025-10-18 16:30:00,https://understat.com/match/30278
30279,3,GER-Bundesliga,2526,2025-10-18 FC Cologne-Augsburg,FC Cologne,Augsburg,2025-10-18 13:30:00,https://understat.com/match/30279
30281,3,GER-Bundesliga,2526,2025-10-18 FC Heidenheim-Werder Bremen,FC Heidenheim,Werder Bremen,2025-10-18 13:30:00,https://understat.com/match/30281
30282,3,GER-Bundesliga,2526,2025-10-18 Mainz 05-Bayer Leverkusen,Mainz 05,Bayer Leverkusen,2025-10-18 13:30:00,https://understat.com/match/30282
30283,3,GER-Bundesliga,2526,2025-10-18 RasenBallsport Leipzig-Hamburger SV,RasenBallsport Leipzig,Hamburger SV,2025-10-18 13:30:00,https://understat.com/match/30283
30286,3,GER-Bundesliga,2526,2025-10-18 Wolfsburg-VfB Stuttgart,Wolfsburg,VfB Stuttgart,2025-10-18 13:30:00,https://understat.com/match/30286
30280,3,GER-Bundesliga,2526,2025-10-19 Freiburg-Eintracht Frankfurt,Freiburg,Eintracht Frankfurt,2025-10-19 13:30:00,https://understat.com/match/30280
30284,3,GER-Bundesliga,2526,2025-10-19 St. Pauli-Hoffenheim,St. Pauli,Hoffenheim,2025-10-19 15:30:00,https://understat.com/match/30284
30295,3,GER-Bundesliga,2526,2025-10-24 Werder Bremen-Union Berlin,Werder Bremen,Union Berlin,2025-10-24 18:30:00,https://understat.com/match/30295
30287,3,GER-Bundesliga,2526,2025-10-25 Augsburg-RasenBallsport Leipzig,Augsburg,RasenBallsport Leipzig,2025-10-25 13:30:00,https://understat.com/match/30287
30290,3,GER-Bundesliga,2526,2025-10-25 Borussia Dortmund-FC Cologne,Borussia Dortmund,FC Cologne,2025-10-25 16:30:00,https://understat.com/match/30290
30289,3,GER-Bundesliga,2526,2025-10-25 Borussia M.Gladbach-Bayern Munich,Borussia M.Gladbach,Bayern Munich,2025-10-25 13:30:00,https://understat.com/match/30289
30291,3,GER-Bundesliga,2526,2025-10-25 Eintracht Frankfurt-St. Pauli,Eintracht Frankfurt,St. Pauli,2025-10-25 13:30:00,https://understat.com/match/30291
30292,3,GER-Bundesliga,2526,2025-10-25 Hamburger SV-Wolfsburg,Hamburger SV,Wolfsburg,2025-10-25 13:30:00,https://understat.com/match/30292
30293,3,GER-Bundesliga,2526,2025-10-25 Hoffenheim-FC Heidenheim,Hoffenheim,FC Heidenheim,2025-10-25 13:30:00,https://understat.com/match/30293
30288,3,GER-Bundesliga,2526,2025-10-26 Bayer Leverkusen-Freiburg,Bayer Leverkusen,Freiburg,2025-10-26 13:30:00,https://understat.com/match/30288
30294,3,GER-Bundesliga,2526,2025-10-26 VfB Stuttgart-Mainz 05,VfB Stuttgart,Mainz 05,2025-10-26 15:30:00,https://understat.com/match/30294
30296,3,GER-Bundesliga,2526,2025-10-31 Augsburg-Borussia Dortmund,Augsburg,Borussia Dortmund,2025-10-31 18:30:00,https://understat.com/match/30296
30297,3,GER-Bundesliga,2526,2025-11-01 Bayern Munich-Bayer Leverkusen,Bayern Munich,Bayer Leverkusen,2025-11-01 12:30:00,https://understat.com/match/30297
30298,3,GER-Bundesliga,2526,2025-11-01 FC Cologne-Hamburger SV,FC Cologne,Hamburger SV,2025-11-01 12:30:00,https://understat.com/match/30298
30299,3,GER-Bundesliga,2526,2025-11-01 FC Heidenheim-Eintracht Frankfurt,FC Heidenheim,Eintracht Frankfurt,2025-11-01 12:30:00,https://understat.com/match/30299
30300,3,GER-Bundesliga,2526,2025-11-01 Mainz 05-Werder Bremen,Mainz 05,Werder Bremen,2025-11-01 12:30:00,https://understat.com/match/30300
30301,3,GER-Bundesliga,2526,2025-11-01 RasenBallsport Leipzig-VfB Stuttgart,RasenBallsport Leipzig,VfB Stuttgart,2025-11-01 12:30:00,https://understat.com/match/30301
30302,3,GER-Bundesliga,2526,2025-11-01 St. Pauli-Borussia M.Gladbach,St. Pauli,Borussia M.Gladbach,2025-11-01 12:30:00,https://understat.com/match/30302
30303,3,GER-Bundesliga,2526,2025-11-01 Union Berlin-Freiburg,Union Berlin,Freiburg,2025-11-01 12:30:00,https://understat.com/match/30303
30304,3,GER-Bundesliga,2526,2025-11-01 Wolfsburg-Hoffenheim,Wolfsburg,Hoffenheim,2025-11-01 12:30:00,https://understat.com/match/30304
30305,3,GER-Bundesliga,2526,2025-11-08 Bayer Leverkusen-FC Heidenheim,Bayer Leverkusen,FC Heidenheim,2025-11-08 12:30:00,https://understat.com/match/30305
30306,3,GER-Bundesliga,2526,2025-11-08 Borussia M.Gladbach-FC Cologne,Borussia M.Gladbach,FC Cologne,2025-11-08 12:30:00,https://understat.com/match/30306
30307,3,GER-Bundesliga,2526,2025-11-08 Eintracht Frankfurt-Mainz 05,Eintracht Frankfurt,Mainz 05,2025-11-08 12:30:00,https://understat.com/match/30307
30308,3,GER-Bundesliga,2526,2025-11-08 Freiburg-St. Pauli,Freiburg,St. Pauli,2025-11-08 12:30:00,https://understat.com/match/30308
30309,3,GER-Bundesliga,2526,2025-11-08 Hamburger SV-Borussia Dortmund,Hamburger SV,Borussia Dortmund,2025-11-08 12:30:00,https://understat.com/match/30309
30310,3,GER-Bundesliga,2526,2025-11-08 Hoffenheim-RasenBallsport Leipzig,Hoffenheim,RasenBallsport Leipzig,2025-11-08 12:30:00,https://understat.com/match/30310
30312,3,GER-Bundesliga,2526,2025-11-08 Union Berlin-Bayern Munich,Union Berlin,Bayern Munich,2025-11-08 12:30:00,https://understat.com/match/30312
30311,3,GER-Bundesliga,2526,2025-11-08 VfB Stuttgart-Augsburg,VfB Stuttgart,Augsburg,2025-11-08 12:30:00,https://understat.com/match/30311
30313,3,GER-Bundesliga,2526,2025-11-08 Werder Bremen-Wolfsburg,Werder Bremen,Wolfsburg,2025-11-08 12:30:00,https://understat.com/match/30313
30314,3,GER-Bundesliga,2526,2025-11-22 Augsburg-Hamburger SV,Augsburg,Hamburger SV,2025-11-22 12:30:00,https://understat.com/match/30314
30315,3,GER-Bundesliga,2526,2025-11-22 Bayern Munich-Freiburg,Bayern Munich,Freiburg,2025-11-22 12:30:00,https://understat.com/match/30315
30316,3,GER-Bundesliga,2526,2025-11-22 Borussia Dortmund-VfB Stuttgart,Borussia Dortmund,VfB Stuttgart,2025-11-22 12:30:00,https://understat.com/match/30316
30317,3,GER-Bundesliga,2526,2025-11-22 FC Cologne-Eintracht Frankfurt,FC Cologne,Eintracht Frankfurt,2025-11-22 12:30:00,https://understat.com/match/30317
30318,3,GER-Bundesliga,2526,2025-11-22 FC Heidenheim-Borussia M.Gladbach,FC Heidenheim,Borussia M.Gladbach,2025-11-22 12:30:00,https://understat.com/match/30318
30319,3,GER-Bundesliga,2526,2025-11-22 Mainz 05-Hoffenheim,Mainz 05,Hoffenheim,2025-11-22 12:30:00,https://understat.com/match/30319
30320,3,GER-Bundesliga,2526,2025-11-22 RasenBallsport Leipzig-Werder Bremen,RasenBallsport Leipzig,Werder Bremen,2025-11-22 12:30:00,https://understat.com/match/30320
30321,3,GER-Bundesliga,2526,2025-11-22 St. Pauli-Union Berlin,St. Pauli,Union Berlin,2025-11-22 12:30:00,https://understat.com/match/30321
30322,3,GER-Bundesliga,2526,2025-11-22 Wolfsburg-Bayer Leverkusen,Wolfsburg,Bayer Leverkusen,2025-11-22 12:30:00,https://understat.com/match/30322
30323,3,GER-Bundesliga,2526,2025-11-29 Bayer Leverkusen-Borussia Dortmund,Bayer Leverkusen,Borussia Dortmund,2025-11-29 12:30:00,https://understat.com/match/30323
30324,3,GER-Bundesliga,2526,2025-11-29 Bayern Munich-St. Pauli,Bayern Munich,St. Pauli,2025-11-29 12:30:00,https://understat.com/match/30324
30325,3,GER-Bundesliga,2526,2025-11-29 Borussia M.Gladbach-RasenBallsport Leipzig,Borussia M.Gladbach,RasenBallsport Leipzig,2025-11-29 12:30:00,https://understat.com/match/30325
30326,3,GER-Bundesliga,2526,2025-11-29 Eintracht Frankfurt-Wolfsburg,Eintracht Frankfurt,Wolfsburg,2025-11-29 12:30:00,https://understat.com/match/30326
30327,3,GER-Bundesliga,2526,2025-11-29 Freiburg-Mainz 05,Freiburg,Mainz 05,2025-11-29 12:30:00,https://understat.com/match/30327
30328,3,GER-Bundesliga,2526,2025-11-29 Hamburger SV-VfB Stuttgart,Hamburger SV,VfB Stuttgart,2025-11-29 12:30:00,https://understat.com/match/30328
30329,3,GER-Bundesliga,2526,2025-11-29 Hoffenheim-Augsburg,Hoffenheim,Augsburg,2025-11-29 12:30:00,https://understat.com/match/30329
30330,3,GER-Bundesliga,2526,2025-11-29 Union Berlin-FC Heidenheim,Union Berlin,FC Heidenheim,2025-11-29 12:30:00,https://understat.com/match/30330
30331,3,GER-Bundesliga,2526,2025-11-29 Werder Bremen-FC Cologne,Werder Bremen,FC Cologne,2025-11-29 12:30:00,https://understat.com/match/30331
30334,3,GER-Bundesliga,2526,2025-12-06 Augsburg-Bayer Leverkusen,Augsburg,Bayer Leverkusen,2025-12-06 12:30:00,https://understat.com/match/30334
30335,3,GER-Bundesliga,2526,2025-12-06 Borussia Dortmund-Hoffenheim,Borussia Dortmund,Hoffenheim,2025-12-06 12:30:00,https://understat.com/match/30335
30336,3,GER-Bundesliga,2526,2025-12-06 FC Cologne-St. Pauli,FC Cologne,St. Pauli,2025-12-06 12:30:00,https://understat.com/match/30336
30338,3,GER-Bundesliga,2526,2025-12-06 FC Heidenheim-Freiburg,FC Heidenheim,Freiburg,2025-12-06 12:30:00,https://understat.com/match/30338
30337,3,GER-Bundesliga,2526,2025-12-06 Hamburger SV-Werder Bremen,Hamburger SV,Werder Bremen,2025-12-06 12:30:00,https://understat.com/match/30337
30339,3,GER-Bundesliga,2526,2025-12-06 Mainz 05-Borussia M.Gladbach,Mainz 05,Borussia M.Gladbach,2025-12-06 12:30:00,https://understat.com/match/30339
30340,3,GER-Bundesliga,2526,2025-12-06 RasenBallsport Leipzig-Eintracht Frankfurt,RasenBallsport Leipzig,Eintracht Frankfurt,2025-12-06 12:30:00,https://understat.com/match/30340
30332,3,GER-Bundesliga,2526,2025-12-06 VfB Stuttgart-Bayern Munich,VfB Stuttgart,Bayern Munich,2025-12-06 12:30:00,https://understat.com/match/30332
30333,3,GER-Bundesliga,2526,2025-12-06 Wolfsburg-Union Berlin,Wolfsburg,Union Berlin,2025-12-06 12:30:00,https://understat.com/match/30333
30341,3,GER-Bundesliga,2526,2025-12-13 Bayer Leverkusen-FC Cologne,Bayer Leverkusen,FC Cologne,2025-12-13 12:30:00,https://understat.com/match/30341
30342,3,GER-Bundesliga,2526,2025-12-13 Bayern Munich-Mainz 05,Bayern Munich,Mainz 05,2025-12-13 12:30:00,https://understat.com/match/30342
30343,3,GER-Bundesliga,2526,2025-12-13 Borussia M.Gladbach-Wolfsburg,Borussia M.Gladbach,Wolfsburg,2025-12-13 12:30:00,https://understat.com/match/30343
30344,3,GER-Bundesliga,2526,2025-12-13 Eintracht Frankfurt-Augsburg,Eintracht Frankfurt,Augsburg,2025-12-13 12:30:00,https://understat.com/match/30344
30345,3,GER-Bundesliga,2526,2025-12-13 Freiburg-Borussia Dortmund,Freiburg,Borussia Dortmund,2025-12-13 12:30:00,https://understat.com/match/30345
30346,3,GER-Bundesliga,2526,2025-12-13 Hoffenheim-Hamburger SV,Hoffenheim,Hamburger SV,2025-12-13 12:30:00,https://understat.com/match/30346
30347,3,GER-Bundesliga,2526,2025-12-13 St. Pauli-FC Heidenheim,St. Pauli,FC Heidenheim,2025-12-13 12:30:00,https://understat.com/match/30347
30348,3,GER-Bundesliga,2526,2025-12-13 Union Berlin-RasenBallsport Leipzig,Union Berlin,RasenBallsport Leipzig,2025-12-13 12:30:00,https://understat.com/match/30348
30349,3,GER-Bundesliga,2526,2025-12-13 Werder Bremen-VfB Stuttgart,Werder Bremen,VfB Stuttgart,2025-12-13 12:30:00,https://understat.com/match/30349
30350,3,GER-Bundesliga,2526,2025-12-20 Augsburg-Werder Bremen,Augsburg,Werder Bremen,2025-12-20 12:30:00,https://understat.com/match/30350
30351,3,GER-Bundesliga,2526,2025-12-20 Borussia Dortmund-Borussia M.Gladbach,Borussia Dortmund,Borussia M.Gladbach,2025-12-20 12:30:00,https://understat.com/match/30351
30352,3,GER-Bundesliga,2526,2025-12-20 FC Cologne-Union Berlin,FC Cologne,Union Berlin,2025-12-20 12:30:00,https://understat.com/match/30352
30354,3,GER-Bundesliga,2526,2025-12-20 FC Heidenheim-Bayern Munich,FC Heidenheim,Bayern Munich,2025-12-20 12:30:00,https://understat.com/match/30354
30353,3,GER-Bundesliga,2526,2025-12-20 Hamburger SV-Eintracht Frankfurt,Hamburger SV,Eintracht Frankfurt,2025-12-20 12:30:00,https://understat.com/match/30353
30355,3,GER-Bundesliga,2526,2025-12-20 Mainz 05-St. Pauli,Mainz 05,St. Pauli,2025-12-20 12:30:00,https://understat.com/match/30355
30356,3,GER-Bundesliga,2526,2025-12-20 RasenBallsport Leipzig-Bayer Leverkusen,RasenBallsport Leipzig,Bayer Leverkusen,2025-12-20 12:30:00,https://understat.com/match/30356
30357,3,GER-Bundesliga,2526,2025-12-20 VfB Stuttgart-Hoffenheim,VfB Stuttgart,Hoffenheim,2025-12-20 12:30:00,https://understat.com/match/30357
30358,3,GER-Bundesliga,2526,2025-12-20 Wolfsburg-Freiburg,Wolfsburg,Freiburg,2025-12-20 12:30:00,https://understat.com/match/30358
30359,3,GER-Bundesliga,2526,2026-01-10 Bayer Leverkusen-VfB Stuttgart,Bayer Leverkusen,VfB Stuttgart,2026-01-10 12:30:00,https://understat.com/match/30359
30360,3,GER-Bundesliga,2526,2026-01-10 Bayern Munich-Wolfsburg,Bayern Munich,Wolfsburg,2026-01-10 12:30:00,https://understat.com/match/30360
30361,3,GER-Bundesliga,2526,2026-01-10 Borussia M.Gladbach-Augsburg,Borussia M.Gladbach,Augsburg,2026-01-10 12:30:00,https://understat.com/match/30361
30362,3,GER-Bundesliga,2526,2026-01-10 Eintracht Frankfurt-Borussia Dortmund,Eintracht Frankfurt,Borussia Dortmund,2026-01-10 12:30:00,https://understat.com/match/30362
30364,3,GER-Bundesliga,2526,2026-01-10 FC Heidenheim-FC Cologne,FC Heidenheim,FC Cologne,2026-01-10 12:30:00,https://understat.com/match/30364
30363,3,GER-Bundesliga,2526,2026-01-10 Freiburg-Hamburger SV,Freiburg,Hamburger SV,2026-01-10 12:30:00,https://understat.com/match/30363
30365,3,GER-Bundesliga,2526,2026-01-10 St. Pauli-RasenBallsport Leipzig,St. Pauli,RasenBallsport Leipzig,2026-01-10 12:30:00,https://understat.com/match/30365
30366,3,GER-Bundesliga,2526,2026-01-10 Union Berlin-Mainz 05,Union Berlin,Mainz 05,2026-01-10 12:30:00,https://understat.com/match/30366
30367,3,GER-Bundesliga,2526,2026-01-10 Werder Bremen-Hoffenheim,Werder Bremen,Hoffenheim,2026-01-10 12:30:00,https://understat.com/match/30367
30368,3,GER-Bundesliga,2526,2026-01-14 Augsburg-Union Berlin,Augsburg,Union Berlin,2026-01-14 12:30:00,https://understat.com/match/30368
30369,3,GER-Bundesliga,2526,2026-01-14 Borussia Dortmund-Werder Bremen,Borussia Dortmund,Werder Bremen,2026-01-14 12:30:00,https://understat.com/match/30369
30370,3,GER-Bundesliga,2526,2026-01-14 FC Cologne-Bayern Munich,FC Cologne,Bayern Munich,2026-01-14 12:30:00,https://understat.com/match/30370
30371,3,GER-Bundesliga,2526,2026-01-14 Hamburger SV-Bayer Leverkusen,Hamburger SV,Bayer Leverkusen,2026-01-14 12:30:00,https://understat.com/match/30371
30372,3,GER-Bundesliga,2526,2026-01-14 Hoffenheim-Borussia M.Gladbach,Hoffenheim,Borussia M.Gladbach,2026-01-14 12:30:00,https://understat.com/match/30372
30373,3,GER-Bundesliga,2526,2026-01-14 Mainz 05-FC Heidenheim,Mainz 05,FC Heidenheim,2026-01-14 12:30:00,https://understat.com/match/30373
30374,3,GER-Bundesliga,2526,2026-01-14 RasenBallsport Leipzig-Freiburg,RasenBallsport Leipzig,Freiburg,2026-01-14 12:30:00,https://understat.com/match/30374
30375,3,GER-Bundesliga,2526,2026-01-14 VfB Stuttgart-Eintracht Frankfurt,VfB Stuttgart,Eintracht Frankfurt,2026-01-14 12:30:00,https://understat.com/match/30375
30376,3,GER-Bundesliga,2526,2026-01-14 Wolfsburg-St. Pauli,Wolfsburg,St. Pauli,2026-01-14 12:30:00,https://understat.com/match/30376
30377,3,GER-Bundesliga,2526,2026-01-17 Augsburg-Freiburg,Augsburg,Freiburg,2026-01-17 12:30:00,https://understat.com/match/30377
30378,3,GER-Bundesliga,2526,2026-01-17 Borussia Dortmund-St. Pauli,Borussia Dortmund,St. Pauli,2026-01-17 12:30:00,https://understat.com/match/30378
30379,3,GER-Bundesliga,2526,2026-01-17 FC Cologne-Mainz 05,FC Cologne,Mainz 05,2026-01-17 12:30:00,https://understat.com/match/30379
30380,3,GER-Bundesliga,2526,2026-01-17 Hamburger SV-Borussia M.Gladbach,Hamburger SV,Borussia M.Gladbach,2026-01-17 12:30:00,https://understat.com/match/30380
30381,3,GER-Bundesliga,2526,2026-01-17 Hoffenheim-Bayer Leverkusen,Hoffenheim,Bayer Leverkusen,2026-01-17 12:30:00,https://understat.com/match/30381
30382,3,GER-Bundesliga,2526,2026-01-17 RasenBallsport Leipzig-Bayern Munich,RasenBallsport Leipzig,Bayern Munich,2026-01-17 12:30:00,https://understat.com/match/30382
30383,3,GER-Bundesliga,2526,2026-01-17 VfB Stuttgart-Union Berlin,VfB Stuttgart,Union Berlin,2026-01-17 12:30:00,https://understat.com/match/30383
30384,3,GER-Bundesliga,2526,2026-01-17 Werder Bremen-Eintracht Frankfurt,Werder Bremen,Eintracht Frankfurt,2026-01-17 12:30:00,https://understat.com/match/30384
30385,3,GER-Bundesliga,2526,2026-01-17 Wolfsburg-FC Heidenheim,Wolfsburg,FC Heidenheim,2026-01-17 12:30:00,https://understat.com/match/30385
30386,3,GER-Bundesliga,2526,2026-01-24 Bayer Leverkusen-Werder Bremen,Bayer Leverkusen,Werder Bremen,2026-01-24 12:30:00,https://understat.com/match/30386
30387,3,GER-Bundesliga,2526,2026-01-24 Bayern Munich-Augsburg,Bayern Munich,Augsburg,2026-01-24 12:30:00,https://understat.com/match/30387
30388,3,GER-Bundesliga,2526,2026-01-24 Borussia M.Gladbach-VfB Stuttgart,Borussia M.Gladbach,VfB Stuttgart,2026-01-24 12:30:00,https://understat.com/match/30388
30389,3,GER-Bundesliga,2526,2026-01-24 Eintracht Frankfurt-Hoffenheim,Eintracht Frankfurt,Hoffenheim,2026-01-24 12:30:00,https://understat.com/match/30389
30391,3,GER-Bundesliga,2526,2026-01-24 FC Heidenheim-RasenBallsport Leipzig,FC Heidenheim,RasenBallsport Leipzig,2026-01-24 12:30:00,https://understat.com/match/30391
30390,3,GER-Bundesliga,2526,2026-01-24 Freiburg-FC Cologne,Freiburg,FC Cologne,2026-01-24 12:30:00,https://understat.com/match/30390
30392,3,GER-Bundesliga,2526,2026-01-24 Mainz 05-Wolfsburg,Mainz 05,Wolfsburg,2026-01-24 12:30:00,https://understat.com/match/30392
30393,3,GER-Bundesliga,2526,2026-01-24 St. Pauli-Hamburger SV,St. Pauli,Hamburger SV,2026-01-24 12:30:00,https://understat.com/match/30393
30394,3,GER-Bundesliga,2526,2026-01-24 Union Berlin-Borussia Dortmund,Union Berlin,Borussia Dortmund,2026-01-24 12:30:00,https://understat.com/match/30394
30395,3,GER-Bundesliga,2526,2026-01-31 Augsburg-St. Pauli,Augsburg,St. Pauli,2026-01-31 12:30:00,https://understat.com/match/30395
30396,3,GER-Bundesliga,2526,2026-01-31 Borussia Dortmund-FC Heidenheim,Borussia Dortmund,FC Heidenheim,2026-01-31 12:30:00,https://understat.com/match/30396
30397,3,GER-Bundesliga,2526,2026-01-31 Eintracht Frankfurt-Bayer Leverkusen,Eintracht Frankfurt,Bayer Leverkusen,2026-01-31 12:30:00,https://understat.com/match/30397
30398,3,GER-Bundesliga,2526,2026-01-31 FC Cologne-Wolfsburg,FC Cologne,Wolfsburg,2026-01-31 12:30:00,https://understat.com/match/30398
30399,3,GER-Bundesliga,2526,2026-01-31 Hamburger SV-Bayern Munich,Hamburger SV,Bayern Munich,2026-01-31 12:30:00,https://understat.com/match/30399
30400,3,GER-Bundesliga,2526,2026-01-31 Hoffenheim-Union Berlin,Hoffenheim,Union Berlin,2026-01-31 12:30:00,https://understat.com/match/30400
30401,3,GER-Bundesliga,2526,2026-01-31 RasenBallsport Leipzig-Mainz 05,RasenBallsport Leipzig,Mainz 05,2026-01-31 12:30:00,https://understat.com/match/30401
30402,3,GER-Bundesliga,2526,2026-01-31 VfB Stuttgart-Freiburg,VfB Stuttgart,Freiburg,2026-01-31 12:30:00,https://understat.com/match/30402
30403,3,GER-Bundesliga,2526,2026-01-31 Werder Bremen-Borussia M.Gladbach,Werder Bremen,Borussia M.Gladbach,2026-01-31 12:30:00,https://understat.com/match/30403
30404,3,GER-Bundesliga,2526,2026-02-07 Bayern Munich-Hoffenheim,Bayern Munich,Hoffenheim,2026-02-07 12:30:00,https://understat.com/match/30404
30405,3,GER-Bundesliga,2526,2026-02-07 Borussia M.Gladbach-Bayer Leverkusen,Borussia M.Gladbach,Bayer Leverkusen,2026-02-07 12:30:00,https://understat.com/match/30405
30406,3,GER-Bundesliga,2526,2026-02-07 FC Cologne-RasenBallsport Leipzig,FC Cologne,RasenBallsport Leipzig,2026-02-07 12:30:00,https://understat.com/match/30406
30408,3,GER-Bundesliga,2526,2026-02-07 FC Heidenheim-Hamburger SV,FC Heidenheim,Hamburger SV,2026-02-07 12:30:00,https://understat.com/match/30408
30407,3,GER-Bundesliga,2526,2026-02-07 Freiburg-Werder Bremen,Freiburg,Werder Bremen,2026-02-07 12:30:00,https://understat.com/match/30407
30409,3,GER-Bundesliga,2526,2026-02-07 Mainz 05-Augsburg,Mainz 05,Augsburg,2026-02-07 12:30:00,https://understat.com/match/30409
30410,3,GER-Bundesliga,2526,2026-02-07 St. Pauli-VfB Stuttgart,St. Pauli,VfB Stuttgart,2026-02-07 12:30:00,https://understat.com/match/30410
30411,3,GER-Bundesliga,2526,2026-02-07 Union Berlin-Eintracht Frankfurt,Union Berlin,Eintracht Frankfurt,2026-02-07 12:30:00,https://understat.com/match/30411
30412,3,GER-Bundesliga,2526,2026-02-07 Wolfsburg-Borussia Dortmund,Wolfsburg,Borussia Dortmund,2026-02-07 12:30:00,https://understat.com/match/30412
30413,3,GER-Bundesliga,2526,2026-02-14 Augsburg-FC Heidenheim,Augsburg,FC Heidenheim,2026-02-14 12:30:00,https://understat.com/match/30413
30414,3,GER-Bundesliga,2526,2026-02-14 Bayer Leverkusen-St. Pauli,Bayer Leverkusen,St. Pauli,2026-02-14 12:30:00,https://understat.com/match/30414
30415,3,GER-Bundesliga,2526,2026-02-14 Borussia Dortmund-Mainz 05,Borussia Dortmund,Mainz 05,2026-02-14 12:30:00,https://understat.com/match/30415
30416,3,GER-Bundesliga,2526,2026-02-14 Eintracht Frankfurt-Borussia M.Gladbach,Eintracht Frankfurt,Borussia M.Gladbach,2026-02-14 12:30:00,https://understat.com/match/30416
30417,3,GER-Bundesliga,2526,2026-02-14 Hamburger SV-Union Berlin,Hamburger SV,Union Berlin,2026-02-14 12:30:00,https://understat.com/match/30417
30418,3,GER-Bundesliga,2526,2026-02-14 Hoffenheim-Freiburg,Hoffenheim,Freiburg,2026-02-14 12:30:00,https://understat.com/match/30418
30419,3,GER-Bundesliga,2526,2026-02-14 RasenBallsport Leipzig-Wolfsburg,RasenBallsport Leipzig,Wolfsburg,2026-02-14 12:30:00,https://understat.com/match/30419
30420,3,GER-Bundesliga,2526,2026-02-14 VfB Stuttgart-FC Cologne,VfB Stuttgart,FC Cologne,2026-02-14 12:30:00,https://understat.com/match/30420
30421,3,GER-Bundesliga,2526,2026-02-14 Werder Bremen-Bayern Munich,Werder Bremen,Bayern Munich,2026-02-14 12:30:00,https://understat.com/match/30421
30422,3,GER-Bundesliga,2526,2026-02-21 Bayern Munich-Eintracht Frankfurt,Bayern Munich,Eintracht Frankfurt,2026-02-21 12:30:00,https://understat.com/match/30422
30423,3,GER-Bundesliga,2526,2026-02-21 FC Cologne-Hoffenheim,FC Cologne,Hoffenheim,2026-02-21 12:30:00,https://understat.com/match/30423
30425,3,GER-Bundesliga,2526,2026-02-21 FC Heidenheim-VfB Stuttgart,FC Heidenheim,VfB Stuttgart,2026-02-21 12:30:00,https://understat.com/match/30425
30424,3,GER-Bundesliga,2526,2026-02-21 Freiburg-Borussia M.Gladbach,Freiburg,Borussia M.Gladbach,2026-02-21 12:30:00,https://understat.com/match/30424
30426,3,GER-Bundesliga,2526,2026-02-21 Mainz 05-Hamburger SV,Mainz 05,Hamburger SV,2026-02-21 12:30:00,https://understat.com/match/30426
30427,3,GER-Bundesliga,2526,2026-02-21 RasenBallsport Leipzig-Borussia Dortmund,RasenBallsport Leipzig,Borussia Dortmund,2026-02-21 12:30:00,https://understat.com/match/30427
30428,3,GER-Bundesliga,2526,2026-02-21 St. Pauli-Werder Bremen,St. Pauli,Werder Bremen,2026-02-21 12:30:00,https://understat.com/match/30428
30429,3,GER-Bundesliga,2526,2026-02-21 Union Berlin-Bayer Leverkusen,Union Berlin,Bayer Leverkusen,2026-02-21 12:30:00,https://understat.com/match/30429
30430,3,GER-Bundesliga,2526,2026-02-21 Wolfsburg-Augsburg,Wolfsburg,Augsburg,2026-02-21 12:30:00,https://understat.com/match/30430
30431,3,GER-Bundesliga,2526,2026-02-28 Augsburg-FC Cologne,Augsburg,FC Cologne,2026-02-28 12:30:00,https://understat.com/match/30431
30432,3,GER-Bundesliga,2526,2026-02-28 Bayer Leverkusen-Mainz 05,Bayer Leverkusen,Mainz 05,2026-02-28 12:30:00,https://understat.com/match/30432
30434,3,GER-Bundesliga,2526,2026-02-28 Borussia Dortmund-Bayern Munich,Borussia Dortmund,Bayern Munich,2026-02-28 12:30:00,https://understat.com/match/30434
30433,3,GER-Bundesliga,2526,2026-02-28 Borussia M.Gladbach-Union Berlin,Borussia M.Gladbach,Union Berlin,2026-02-28 12:30:00,https://understat.com/match/30433
30435,3,GER-Bundesliga,2526,2026-02-28 Eintracht Frankfurt-Freiburg,Eintracht Frankfurt,Freiburg,2026-02-28 12:30:00,https://understat.com/match/30435
30436,3,GER-Bundesliga,2526,2026-02-28 Hamburger SV-RasenBallsport Leipzig,Hamburger SV,RasenBallsport Leipzig,2026-02-28 12:30:00,https://understat.com/match/30436
30437,3,GER-Bundesliga,2526,2026-02-28 Hoffenheim-St. Pauli,Hoffenheim,St. Pauli,2026-02-28 12:30:00,https://understat.com/match/30437
30438,3,GER-Bundesliga,2526,2026-02-28 VfB Stuttgart-Wolfsburg,VfB Stuttgart,Wolfsburg,2026-02-28 12:30:00,https://understat.com/match/30438
30439,3,GER-Bundesliga,2526,2026-02-28 Werder Bremen-FC Heidenheim,Werder Bremen,FC Heidenheim,2026-02-28 12:30:00,https://understat.com/match/30439
30440,3,GER-Bundesliga,2526,2026-03-07 Bayern Munich-Borussia M.Gladbach,Bayern Munich,Borussia M.Gladbach,2026-03-07 12:30:00,https://understat.com/match/30440
30441,3,GER-Bundesliga,2526,2026-03-07 FC Cologne-Borussia Dortmund,FC Cologne,Borussia Dortmund,2026-03-07 12:30:00,https://understat.com/match/30441
30443,3,GER-Bundesliga,2526,2026-03-07 FC Heidenheim-Hoffenheim,FC Heidenheim,Hoffenheim,2026-03-07 12:30:00,https://understat.com/match/30443
30442,3,GER-Bundesliga,2526,2026-03-07 Freiburg-Bayer Leverkusen,Freiburg,Bayer Leverkusen,2026-03-07 12:30:00,https://understat.com/match/30442
30444,3,GER-Bundesliga,2526,2026-03-07 Mainz 05-VfB Stuttgart,Mainz 05,VfB Stuttgart,2026-03-07 12:30:00,https://understat.com/match/30444
30445,3,GER-Bundesliga,2526,2026-03-07 RasenBallsport Leipzig-Augsburg,RasenBallsport Leipzig,Augsburg,2026-03-07 12:30:00,https://understat.com/match/30445
30446,3,GER-Bundesliga,2526,2026-03-07 St. Pauli-Eintracht Frankfurt,St. Pauli,Eintracht Frankfurt,2026-03-07 12:30:00,https://understat.com/match/30446
30447,3,GER-Bundesliga,2526,2026-03-07 Union Berlin-Werder Bremen,Union Berlin,Werder Bremen,2026-03-07 12:30:00,https://understat.com/match/30447
30448,3,GER-Bundesliga,2526,2026-03-07 Wolfsburg-Hamburger SV,Wolfsburg,Hamburger SV,2026-03-07 12:30:00,https://understat.com/match/30448
30449,3,GER-Bundesliga,2526,2026-03-14 Bayer Leverkusen-Bayern Munich,Bayer Leverkusen,Bayern Munich,2026-03-14 12:30:00,https://understat.com/match/30449
30451,3,GER-Bundesliga,2526,2026-03-14 Borussia Dortmund-Augsburg,Borussia Dortmund,Augsburg,2026-03-14 12:30:00,https://understat.com/match/30451
30450,3,GER-Bundesliga,2526,2026-03-14 Borussia M.Gladbach-St. Pauli,Borussia M.Gladbach,St. Pauli,2026-03-14 12:30:00,https://understat.com/match/30450
30452,3,GER-Bundesliga,2526,2026-03-14 Eintracht Frankfurt-FC Heidenheim,Eintracht Frankfurt,FC Heidenheim,2026-03-14 12:30:00,https://understat.com/match/30452
30453,3,GER-Bundesliga,2526,2026-03-14 Freiburg-Union Berlin,Freiburg,Union Berlin,2026-03-14 12:30:00,https://understat.com/match/30453
30454,3,GER-Bundesliga,2526,2026-03-14 Hamburger SV-FC Cologne,Hamburger SV,FC Cologne,2026-03-14 12:30:00,https://understat.com/match/30454
30455,3,GER-Bundesliga,2526,2026-03-14 Hoffenheim-Wolfsburg,Hoffenheim,Wolfsburg,2026-03-14 12:30:00,https://understat.com/match/30455
30456,3,GER-Bundesliga,2526,2026-03-14 VfB Stuttgart-RasenBallsport Leipzig,VfB Stuttgart,RasenBallsport Leipzig,2026-03-14 12:30:00,https://understat.com/match/30456
30457,3,GER-Bundesliga,2526,2026-03-14 Werder Bremen-Mainz 05,Werder Bremen,Mainz 05,2026-03-14 12:30:00,https://understat.com/match/30457
30458,3,GER-Bundesliga,2526,2026-03-21 Augsburg-VfB Stuttgart,Augsburg,VfB Stuttgart,2026-03-21 12:30:00,https://understat.com/match/30458
30459,3,GER-Bundesliga,2526,2026-03-21 Bayern Munich-Union Berlin,Bayern Munich,Union Berlin,2026-03-21 12:30:00,https://understat.com/match/30459
30460,3,GER-Bundesliga,2526,2026-03-21 Borussia Dortmund-Hamburger SV,Borussia Dortmund,Hamburger SV,2026-03-21 12:30:00,https://understat.com/match/30460
30461,3,GER-Bundesliga,2526,2026-03-21 FC Cologne-Borussia M.Gladbach,FC Cologne,Borussia M.Gladbach,2026-03-21 12:30:00,https://understat.com/match/30461
30462,3,GER-Bundesliga,2526,2026-03-21 FC Heidenheim-Bayer Leverkusen,FC Heidenheim,Bayer Leverkusen,2026-03-21 12:30:00,https://understat.com/match/30462
30463,3,GER-Bundesliga,2526,2026-03-21 Mainz 05-Eintracht Frankfurt,Mainz 05,Eintracht Frankfurt,2026-03-21 12:30:00,https://understat.com/match/30463
30464,3,GER-Bundesliga,2526,2026-03-21 RasenBallsport Leipzig-Hoffenheim,RasenBallsport Leipzig,Hoffenheim,2026-03-21 12:30:00,https://understat.com/match/30464
30465,3,GER-Bundesliga,2526,2026-03-21 St. Pauli-Freiburg,St. Pauli,Freiburg,2026-03-21 12:30:00,https://understat.com/match/30465
30466,3,GER-Bundesliga,2526,2026-03-21 Wolfsburg-Werder Bremen,Wolfsburg,Werder Bremen,2026-03-21 12:30:00,https://understat.com/match/30466
30467,3,GER-Bundesliga,2526,2026-04-04 Bayer Leverkusen-Wolfsburg,Bayer Leverkusen,Wolfsburg,2026-04-04 12:30:00,https://understat.com/match/30467
30468,3,GER-Bundesliga,2526,2026-04-04 Borussia M.Gladbach-FC Heidenheim,Borussia M.Gladbach,FC Heidenheim,2026-04-04 12:30:00,https://understat.com/match/30468
30469,3,GER-Bundesliga,2526,2026-04-04 Eintracht Frankfurt-FC Cologne,Eintracht Frankfurt,FC Cologne,2026-04-04 12:30:00,https://understat.com/match/30469
30470,3,GER-Bundesliga,2526,2026-04-04 Freiburg-Bayern Munich,Freiburg,Bayern Munich,2026-04-04 12:30:00,https://understat.com/match/30470
30471,3,GER-Bundesliga,2526,2026-04-04 Hamburger SV-Augsburg,Hamburger SV,Augsburg,2026-04-04 12:30:00,https://understat.com/match/30471
30472,3,GER-Bundesliga,2526,2026-04-04 Hoffenheim-Mainz 05,Hoffenheim,Mainz 05,2026-04-04 12:30:00,https://understat.com/match/30472
30474,3,GER-Bundesliga,2526,2026-04-04 Union Berlin-St. Pauli,Union Berlin,St. Pauli,2026-04-04 12:30:00,https://understat.com/match/30474
30473,3,GER-Bundesliga,2526,2026-04-04 VfB Stuttgart-Borussia Dortmund,VfB Stuttgart,Borussia Dortmund,2026-04-04 12:30:00,https://understat.com/match/30473
30475,3,GER-Bundesliga,2526,2026-04-04 Werder Bremen-RasenBallsport Leipzig,Werder Bremen,RasenBallsport Leipzig,2026-04-04 12:30:00,https://understat.com/match/30475
30476,3,GER-Bundesliga,2526,2026-04-11 Augsburg-Hoffenheim,Augsburg,Hoffenheim,2026-04-11 12:30:00,https://understat.com/match/30476
30477,3,GER-Bundesliga,2526,2026-04-11 Borussia Dortmund-Bayer Leverkusen,Borussia Dortmund,Bayer Leverkusen,2026-04-11 12:30:00,https://understat.com/match/30477
30478,3,GER-Bundesliga,2526,2026-04-11 FC Cologne-Werder Bremen,FC Cologne,Werder Bremen,2026-04-11 12:30:00,https://understat.com/match/30478
30479,3,GER-Bundesliga,2526,2026-04-11 FC Heidenheim-Union Berlin,FC Heidenheim,Union Berlin,2026-04-11 12:30:00,https://understat.com/match/30479
30480,3,GER-Bundesliga,2526,2026-04-11 Mainz 05-Freiburg,Mainz 05,Freiburg,2026-04-11 12:30:00,https://understat.com/match/30480
30481,3,GER-Bundesliga,2526,2026-04-11 RasenBallsport Leipzig-Borussia M.Gladbach,RasenBallsport Leipzig,Borussia M.Gladbach,2026-04-11 12:30:00,https://understat.com/match/30481
30482,3,GER-Bundesliga,2526,2026-04-11 St. Pauli-Bayern Munich,St. Pauli,Bayern Munich,2026-04-11 12:30:00,https://understat.com/match/30482
30483,3,GER-Bundesliga,2526,2026-04-11 VfB Stuttgart-Hamburger SV,VfB Stuttgart,Hamburger SV,2026-04-11 12:30:00,https://understat.com/match/30483
30484,3,GER-Bundesliga,2526,2026-04-11 Wolfsburg-Eintracht Frankfurt,Wolfsburg,Eintracht Frankfurt,2026-04-11 12:30:00,https://understat.com/match/30484
30485,3,GER-Bundesliga,2526,2026-04-18 Bayer Leverkusen-Augsburg,Bayer Leverkusen,Augsburg,2026-04-18 12:30:00,https://understat.com/match/30485
30486,3,GER-Bundesliga,2526,2026-04-18 Bayern Munich-VfB Stuttgart,Bayern Munich,VfB Stuttgart,2026-04-18 12:30:00,https://understat.com/match/30486
30487,3,GER-Bundesliga,2526,2026-04-18 Borussia M.Gladbach-Mainz 05,Borussia M.Gladbach,Mainz 05,2026-04-18 12:30:00,https://understat.com/match/30487
30488,3,GER-Bundesliga,2526,2026-04-18 Eintracht Frankfurt-RasenBallsport Leipzig,Eintracht Frankfurt,RasenBallsport Leipzig,2026-04-18 12:30:00,https://understat.com/match/30488
30489,3,GER-Bundesliga,2526,2026-04-18 Freiburg-FC Heidenheim,Freiburg,FC Heidenheim,2026-04-18 12:30:00,https://understat.com/match/30489
30490,3,GER-Bundesliga,2526,2026-04-18 Hoffenheim-Borussia Dortmund,Hoffenheim,Borussia Dortmund,2026-04-18 12:30:00,https://understat.com/match/30490
30491,3,GER-Bundesliga,2526,2026-04-18 St. Pauli-FC Cologne,St. Pauli,FC Cologne,2026-04-18 12:30:00,https://understat.com/match/30491
30492,3,GER-Bundesliga,2526,2026-04-18 Union Berlin-Wolfsburg,Union Berlin,Wolfsburg,2026-04-18 12:30:00,https://understat.com/match/30492
30493,3,GER-Bundesliga,2526,2026-04-18 Werder Bremen-Hamburger SV,Werder Bremen,Hamburger SV,2026-04-18 12:30:00,https://understat.com/match/30493
30494,3,GER-Bundesliga,2526,2026-04-25 Augsburg-Eintracht Frankfurt,Augsburg,Eintracht Frankfurt,2026-04-25 12:30:00,https://understat.com/match/30494
30495,3,GER-Bundesliga,2526,2026-04-25 Borussia Dortmund-Freiburg,Borussia Dortmund,Freiburg,2026-04-25 12:30:00,https://understat.com/match/30495
30496,3,GER-Bundesliga,2526,2026-04-25 FC Cologne-Bayer Leverkusen,FC Cologne,Bayer Leverkusen,2026-04-25 12:30:00,https://understat.com/match/30496
30498,3,GER-Bundesliga,2526,2026-04-25 FC Heidenheim-St. Pauli,FC Heidenheim,St. Pauli,2026-04-25 12:30:00,https://understat.com/match/30498
30497,3,GER-Bundesliga,2526,2026-04-25 Hamburger SV-Hoffenheim,Hamburger SV,Hoffenheim,2026-04-25 12:30:00,https://understat.com/match/30497
30499,3,GER-Bundesliga,2526,2026-04-25 Mainz 05-Bayern Munich,Mainz 05,Bayern Munich,2026-04-25 12:30:00,https://understat.com/match/30499
30500,3,GER-Bundesliga,2526,2026-04-25 RasenBallsport Leipzig-Union Berlin,RasenBallsport Leipzig,Union Berlin,2026-04-25 12:30:00,https://understat.com/match/30500
30501,3,GER-Bundesliga,2526,2026-04-25 VfB Stuttgart-Werder Bremen,VfB Stuttgart,Werder Bremen,2026-04-25 12:30:00,https://understat.com/match/30501
30502,3,GER-Bundesliga,2526,2026-04-25 Wolfsburg-Borussia M.Gladbach,Wolfsburg,Borussia M.Gladbach,2026-04-25 12:30:00,https://understat.com/match/30502
30503,3,GER-Bundesliga,2526,2026-05-02 Bayer Leverkusen-RasenBallsport Leipzig,Bayer Leverkusen,RasenBallsport Leipzig,2026-05-02 12:30:00,https://understat.com/match/30503
30504,3,GER-Bundesliga,2526,2026-05-02 Bayern Munich-FC Heidenheim,Bayern Munich,FC Heidenheim,2026-05-02 12:30:00,https://understat.com/match/30504
30505,3,GER-Bundesliga,2526,2026-05-02 Borussia M.Gladbach-Borussia Dortmund,Borussia M.Gladbach,Borussia Dortmund,2026-05-02 12:30:00,https://understat.com/match/30505
30506,3,GER-Bundesliga,2526,2026-05-02 Eintracht Frankfurt-Hamburger SV,Eintracht Frankfurt,Hamburger SV,2026-05-02 12:30:00,https://understat.com/match/30506
30507,3,GER-Bundesliga,2526,2026-05-02 Freiburg-Wolfsburg,Freiburg,Wolfsburg,2026-05-02 12:30:00,https://understat.com/match/30507
30508,3,GER-Bundesliga,2526,2026-05-02 Hoffenheim-VfB Stuttgart,Hoffenheim,VfB Stuttgart,2026-05-02 12:30:00,https://understat.com/match/30508
30509,3,GER-Bundesliga,2526,2026-05-02 St. Pauli-Mainz 05,St. Pauli,Mainz 05,2026-05-02 12:30:00,https://understat.com/match/30509
30510,3,GER-Bundesliga,2526,2026-05-02 Union Berlin-FC Cologne,Union Berlin,FC Cologne,2026-05-02 12:30:00,https://understat.com/match/30510
30511,3,GER-Bundesliga,2526,2026-05-02 Werder Bremen-Augsburg,Werder Bremen,Augsburg,2026-05-02 12:30:00,https://understat.com/match/30511
30512,3,GER-Bundesliga,2526,2026-05-09 Augsburg-Borussia M.Gladbach,Augsburg,Borussia M.Gladbach,2026-05-09 12:30:00,https://understat.com/match/30512
30513,3,GER-Bundesliga,2526,2026-05-09 Borussia Dortmund-Eintracht Frankfurt,Borussia Dortmund,Eintracht Frankfurt,2026-05-09 12:30:00,https://understat.com/match/30513
30514,3,GER-Bundesliga,2526,2026-05-09 FC Cologne-FC Heidenheim,FC Cologne,FC Heidenheim,2026-05-09 12:30:00,https://understat.com/match/30514
30515,3,GER-Bundesliga,2526,2026-05-09 Hamburger SV-Freiburg,Hamburger SV,Freiburg,2026-05-09 12:30:00,https://understat.com/match/30515
30516,3,GER-Bundesliga,2526,2026-05-09 Hoffenheim-Werder Bremen,Hoffenheim,Werder Bremen,2026-05-09 12:30:00,https://understat.com/match/30516
30517,3,GER-Bundesliga,2526,2026-05-09 Mainz 05-Union Berlin,Mainz 05,Union Berlin,2026-05-09 12:30:00,https://understat.com/match/30517
30518,3,GER-Bundesliga,2526,2026-05-09 RasenBallsport Leipzig-St. Pauli,RasenBallsport Leipzig,St. Pauli,2026-05-09 12:30:00,https://understat.com/match/30518
30519,3,GER-Bundesliga,2526,2026-05-09 VfB Stuttgart-Bayer Leverkusen,VfB Stuttgart,Bayer Leverkusen,2026-05-09 12:30:00,https://understat.com/match/30519
30520,3,GER-Bundesliga,2526,2026-05-09 Wolfsburg-Bayern Munich,Wolfsburg,Bayern Munich,2026-05-09 12:30:00,https://understat.com/match/30520
30521,3,GER-Bundesliga,2526,2026-05-16 Bayer Leverkusen-Hamburger SV,Bayer Leverkusen,Hamburger SV,2026-05-16 12:30:00,https://understat.com/match/30521
30522,3,GER-Bundesliga,2526,2026-05-16 Bayern Munich-FC Cologne,Bayern Munich,FC Cologne,2026-05-16 12:30:00,https://understat.com/match/30522
30523,3,GER-Bundesliga,2526,2026-05-16 Borussia M.Gladbach-Hoffenheim,Borussia M.Gladbach,Hoffenheim,2026-05-16 12:30:00,https://understat.com/match/30523
30524,3,GER-Bundesliga,2526,2026-05-16 Eintracht Frankfurt-VfB Stuttgart,Eintracht Frankfurt,VfB Stuttgart,2026-05-16 12:30:00,https://understat.com/match/30524
30526,3,GER-Bundesliga,2526,2026-05-16 FC Heidenheim-Mainz 05,FC Heidenheim,Mainz 05,2026-05-16 12:30:00,https://understat.com/match/30526
30525,3,GER-Bundesliga,2526,2026-05-16 Freiburg-RasenBallsport Leipzig,Freiburg,RasenBallsport Leipzig,2026-05-16 12:30:00,https://understat.com/match/30525
30527,3,GER-Bundesliga,2526,2026-05-16 St. Pauli-Wolfsburg,St. Pauli,Wolfsburg,2026-05-16 12:30:00,https://understat.com/match/30527
30528,3,GER-Bundesliga,2526,2026-05-16 Union Berlin-Augsburg,Union Berlin,Augsburg,2026-05-16 12:30:00,https://understat.com/match/30528
30529,3,GER-Bundesliga,2526,2026-05-16 Werder Bremen-Borussia Dortmund,Werder Bremen,Borussia Dortmund,2026-05-16 12:30:00,https://understat.com/match/30529
29846,2,ITA-Serie A,2526,2025-08-23 AC Milan-Cremonese,AC Milan,Cremonese,2025-08-23 18:45:00,https://understat.com/match/29846
29844,2,ITA-Serie A,2526,2025-08-23 Genoa-Lecce,Genoa,Lecce,2025-08-23 16:30:00,https://understat.com/match/29844
29847,2,ITA-Serie A,2526,2025-08-23 Roma-Bologna,Roma,Bologna,2025-08-23 18:45:00,https://understat.com/match/29847
29845,2,ITA-Serie A,2526,2025-08-23 Sassuolo-Napoli,Sassuolo,Napoli,2025-08-23 16:30:00,https://understat.com/match/29845
29850,2,ITA-Serie A,2526,2025-08-24 Atalanta-Pisa,Atalanta,Pisa,2025-08-24 18:45:00,https://understat.com/match/29850
29848,2,ITA-Serie A,2526,2025-08-24 Cagliari-Fiorentina,Cagliari,Fiorentina,2025-08-24 16:30:00,https://understat.com/match/29848
29849,2,ITA-Serie A,2526,2025-08-24 Como-Lazio,Como,Lazio,2025-08-24 16:30:00,https://understat.com/match/29849
29851,2,ITA-Serie A,2526,2025-08-24 Juventus-Parma Calcio 1913,Juventus,Parma Calcio 1913,2025-08-24 18:45:00,https://understat.com/match/29851
29853,2,ITA-Serie A,2526,2025-08-25 Inter-Torino,Inter,Torino,2025-08-25 18:45:00,https://understat.com/match/29853
29852,2,ITA-Serie A,2526,2025-08-25 Udinese-Verona,Udinese,Verona,2025-08-25 16:30:00,https://understat.com/match/29852
29854,2,ITA-Serie A,2526,2025-08-29 Cremonese-Sassuolo,Cremonese,Sassuolo,2025-08-29 16:30:00,https://understat.com/match/29854
29855,2,ITA-Serie A,2526,2025-08-29 Lecce-AC Milan,Lecce,AC Milan,2025-08-29 18:45:00,https://understat.com/match/29855
29856,2,ITA-Serie A,2526,2025-08-30 Bologna-Como,Bologna,Como,2025-08-30 16:30:00,https://understat.com/match/29856
29859,2,ITA-Serie A,2526,2025-08-30 Napoli-Cagliari,Napoli,Cagliari,2025-08-30 18:45:00,https://understat.com/match/29859
29857,2,ITA-Serie A,2526,2025-08-30 Parma Calcio 1913-Atalanta,Parma Calcio 1913,Atalanta,2025-08-30 16:30:00,https://understat.com/match/29857
29858,2,ITA-Serie A,2526,2025-08-30 Pisa-Roma,Pisa,Roma,2025-08-30 18:45:00,https://understat.com/match/29858
29860,2,ITA-Serie A,2526,2025-08-31 Genoa-Juventus,Genoa,Juventus,2025-08-31 16:30:00,https://understat.com/match/29860
29862,2,ITA-Serie A,2526,2025-08-31 Inter-Udinese,Inter,Udinese,2025-08-31 18:45:00,https://understat.com/match/29862
29863,2,ITA-Serie A,2526,2025-08-31 Lazio-Verona,Lazio,Verona,2025-08-31 18:45:00,https://understat.com/match/29863
29861,2,ITA-Serie A,2526,2025-08-31 Torino-Fiorentina,Torino,Fiorentina,2025-08-31 16:30:00,https://understat.com/match/29861
29864,2,ITA-Serie A,2526,2025-09-13 Cagliari-Parma Calcio 1913,Cagliari,Parma Calcio 1913,2025-09-13 13:00:00,https://understat.com/match/29864
29866,2,ITA-Serie A,2526,2025-09-13 Fiorentina-Napoli,Fiorentina,Napoli,2025-09-13 18:45:00,https://understat.com/match/29866
29865,2,ITA-Serie A,2526,2025-09-13 Juventus-Inter,Juventus,Inter,2025-09-13 16:00:00,https://understat.com/match/29865
29871,2,ITA-Serie A,2526,2025-09-14 AC Milan-Bologna,AC Milan,Bologna,2025-09-14 18:45:00,https://understat.com/match/29871
29869,2,ITA-Serie A,2526,2025-09-14 Atalanta-Lecce,Atalanta,Lecce,2025-09-14 13:00:00,https://understat.com/match/29869
29868,2,ITA-Serie A,2526,2025-09-14 Pisa-Udinese,Pisa,Udinese,2025-09-14 13:00:00,https://understat.com/match/29868
29867,2,ITA-Serie A,2526,2025-09-14 Roma-Torino,Roma,Torino,2025-09-14 10:30:00,https://understat.com/match/29867
29870,2,ITA-Serie A,2526,2025-09-14 Sassuolo-Lazio,Sassuolo,Lazio,2025-09-14 16:00:00,https://understat.com/match/29870
29873,2,ITA-Serie A,2526,2025-09-15 Como-Genoa,Como,Genoa,2025-09-15 18:45:00,https://understat.com/match/29873
29872,2,ITA-Serie A,2526,2025-09-15 Verona-Cremonese,Verona,Cremonese,2025-09-15 16:30:00,https://understat.com/match/29872
29882,2,ITA-Serie A,2526,2025-09-19 Lecce-Cagliari,Lecce,Cagliari,2025-09-19 18:45:00,https://understat.com/match/29882
29877,2,ITA-Serie A,2526,2025-09-20 Bologna-Genoa,Bologna,Genoa,2025-09-20 13:00:00,https://understat.com/match/29877
29875,2,ITA-Serie A,2526,2025-09-20 Udinese-AC Milan,Udinese,AC Milan,2025-09-20 18:45:00,https://understat.com/match/29875
29876,2,ITA-Serie A,2526,2025-09-20 Verona-Juventus,Verona,Juventus,2025-09-20 16:00:00,https://understat.com/match/29876
29878,2,ITA-Serie A,2526,2025-09-21 Cremonese-Parma Calcio 1913,Cremonese,Parma Calcio 1913,2025-09-21 13:00:00,https://understat.com/match/29878
29879,2,ITA-Serie A,2526,2025-09-21 Fiorentina-Como,Fiorentina,Como,2025-09-21 16:00:00,https://understat.com/match/29879
29880,2,ITA-Serie A,2526,2025-09-21 Inter-Sassuolo,Inter,Sassuolo,2025-09-21 18:45:00,https://understat.com/match/29880
29881,2,ITA-Serie A,2526,2025-09-21 Lazio-Roma,Lazio,Roma,2025-09-21 10:30:00,https://understat.com/match/29881
29874,2,ITA-Serie A,2526,2025-09-21 Torino-Atalanta,Torino,Atalanta,2025-09-21 13:00:00,https://understat.com/match/29874
29883,2,ITA-Serie A,2526,2025-09-22 Napoli-Pisa,Napoli,Pisa,2025-09-22 18:45:00,https://understat.com/match/29883
29884,2,ITA-Serie A,2526,2025-09-27 Cagliari-Inter,Cagliari,Inter,2025-09-27 18:45:00,https://understat.com/match/29884
29885,2,ITA-Serie A,2526,2025-09-27 Como-Cremonese,Como,Cremonese,2025-09-27 13:00:00,https://understat.com/match/29885
29887,2,ITA-Serie A,2526,2025-09-27 Juventus-Atalanta,Juventus,Atalanta,2025-09-27 16:00:00,https://understat.com/match/29887
29889,2,ITA-Serie A,2526,2025-09-28 AC Milan-Napoli,AC Milan,Napoli,2025-09-28 18:45:00,https://understat.com/match/29889
29888,2,ITA-Serie A,2526,2025-09-28 Lecce-Bologna,Lecce,Bologna,2025-09-28 16:00:00,https://understat.com/match/29888
29891,2,ITA-Serie A,2526,2025-09-28 Pisa-Fiorentina,Pisa,Fiorentina,2025-09-28 13:00:00,https://understat.com/match/29891
29892,2,ITA-Serie A,2526,2025-09-28 Roma-Verona,Roma,Verona,2025-09-28 13:00:00,https://understat.com/match/29892
29893,2,ITA-Serie A,2526,2025-09-28 Sassuolo-Udinese,Sassuolo,Udinese,2025-09-28 10:30:00,https://understat.com/match/29893
29886,2,ITA-Serie A,2526,2025-09-29 Genoa-Lazio,Genoa,Lazio,2025-09-29 18:45:00,https://understat.com/match/29886
29890,2,ITA-Serie A,2526,2025-09-29 Parma Calcio 1913-Torino,Parma Calcio 1913,Torino,2025-09-29 16:30:00,https://understat.com/match/29890
29903,2,ITA-Serie A,2526,2025-10-03 Verona-Sassuolo,Verona,Sassuolo,2025-10-03 18:45:00,https://understat.com/match/29903
29894,2,ITA-Serie A,2526,2025-10-04 Atalanta-Como,Atalanta,Como,2025-10-04 18:45:00,https://understat.com/match/29894
29897,2,ITA-Serie A,2526,2025-10-04 Inter-Cremonese,Inter,Cremonese,2025-10-04 16:00:00,https://understat.com/match/29897
29899,2,ITA-Serie A,2526,2025-10-04 Lazio-Torino,Lazio,Torino,2025-10-04 13:00:00,https://understat.com/match/29899
29901,2,ITA-Serie A,2526,2025-10-04 Parma Calcio 1913-Lecce,Parma Calcio 1913,Lecce,2025-10-04 13:00:00,https://understat.com/match/29901
29895,2,ITA-Serie A,2526,2025-10-05 Bologna-Pisa,Bologna,Pisa,2025-10-05 13:00:00,https://understat.com/match/29895
29896,2,ITA-Serie A,2526,2025-10-05 Fiorentina-Roma,Fiorentina,Roma,2025-10-05 13:00:00,https://understat.com/match/29896
29898,2,ITA-Serie A,2526,2025-10-05 Juventus-AC Milan,Juventus,AC Milan,2025-10-05 18:45:00,https://understat.com/match/29898
29900,2,ITA-Serie A,2526,2025-10-05 Napoli-Genoa,Napoli,Genoa,2025-10-05 16:00:00,https://understat.com/match/29900
29902,2,ITA-Serie A,2526,2025-10-05 Udinese-Cagliari,Udinese,Cagliari,2025-10-05 10:30:00,https://understat.com/match/29902
29910,2,ITA-Serie A,2526,2025-10-18 Lecce-Sassuolo,Lecce,Sassuolo,2025-10-18 13:00:00,https://understat.com/match/29910
29912,2,ITA-Serie A,2526,2025-10-18 Pisa-Verona,Pisa,Verona,2025-10-18 13:00:00,https://understat.com/match/29912
29913,2,ITA-Serie A,2526,2025-10-18 Roma-Inter,Roma,Inter,2025-10-18 18:45:00,https://understat.com/match/29913
29906,2,ITA-Serie A,2526,2025-10-18 Torino-Napoli,Torino,Napoli,2025-10-18 16:00:00,https://understat.com/match/29906
29911,2,ITA-Serie A,2526,2025-10-19 AC Milan-Fiorentina,AC Milan,Fiorentina,2025-10-19 18:45:00,https://understat.com/match/29911
29904,2,ITA-Serie A,2526,2025-10-19 Atalanta-Lazio,Atalanta,Lazio,2025-10-19 16:00:00,https://understat.com/match/29904
29905,2,ITA-Serie A,2526,2025-10-19 Cagliari-Bologna,Cagliari,Bologna,2025-10-19 13:00:00,https://understat.com/match/29905
29907,2,ITA-Serie A,2526,2025-10-19 Como-Juventus,Como,Juventus,2025-10-19 10:30:00,https://understat.com/match/29907
29909,2,ITA-Serie A,2526,2025-10-19 Genoa-Parma Calcio 1913,Genoa,Parma Calcio 1913,2025-10-19 13:00:00,https://understat.com/match/29909
29908,2,ITA-Serie A,2526,2025-10-20 Cremonese-Udinese,Cremonese,Udinese,2025-10-20 18:45:00,https://understat.com/match/29908
29919,2,ITA-Serie A,2526,2025-10-24 AC Milan-Pisa,AC Milan,Pisa,2025-10-24 18:45:00,https://understat.com/match/29919
29916,2,ITA-Serie A,2526,2025-10-25 Cremonese-Atalanta,Cremonese,Atalanta,2025-10-25 18:45:00,https://understat.com/match/29916
29920,2,ITA-Serie A,2526,2025-10-25 Napoli-Inter,Napoli,Inter,2025-10-25 16:00:00,https://understat.com/match/29920
29921,2,ITA-Serie A,2526,2025-10-25 Parma Calcio 1913-Como,Parma Calcio 1913,Como,2025-10-25 13:00:00,https://understat.com/match/29921
29914,2,ITA-Serie A,2526,2025-10-25 Udinese-Lecce,Udinese,Lecce,2025-10-25 13:00:00,https://understat.com/match/29914
29917,2,ITA-Serie A,2526,2025-10-26 Fiorentina-Bologna,Fiorentina,Bologna,2025-10-26 16:00:00,https://understat.com/match/29917
29918,2,ITA-Serie A,2526,2025-10-26 Lazio-Juventus,Lazio,Juventus,2025-10-26 18:45:00,https://understat.com/match/29918
29922,2,ITA-Serie A,2526,2025-10-26 Sassuolo-Roma,Sassuolo,Roma,2025-10-26 13:00:00,https://understat.com/match/29922
29923,2,ITA-Serie A,2526,2025-10-26 Torino-Genoa,Torino,Genoa,2025-10-26 10:30:00,https://understat.com/match/29923
29915,2,ITA-Serie A,2526,2025-10-26 Verona-Cagliari,Verona,Cagliari,2025-10-26 13:00:00,https://understat.com/match/29915
29924,2,ITA-Serie A,2526,2025-10-28 Atalanta-AC Milan,Atalanta,AC Milan,2025-10-28 18:45:00,https://understat.com/match/29924
29931,2,ITA-Serie A,2526,2025-10-28 Lecce-Napoli,Lecce,Napoli,2025-10-28 16:30:00,https://understat.com/match/29931
29925,2,ITA-Serie A,2526,2025-10-29 Bologna-Torino,Bologna,Torino,2025-10-29 18:45:00,https://understat.com/match/29925
29927,2,ITA-Serie A,2526,2025-10-29 Como-Verona,Como,Verona,2025-10-29 16:30:00,https://understat.com/match/29927
29928,2,ITA-Serie A,2526,2025-10-29 Genoa-Cremonese,Genoa,Cremonese,2025-10-29 18:45:00,https://understat.com/match/29928
29929,2,ITA-Serie A,2526,2025-10-29 Inter-Fiorentina,Inter,Fiorentina,2025-10-29 18:45:00,https://understat.com/match/29929
29930,2,ITA-Serie A,2526,2025-10-29 Juventus-Udinese,Juventus,Udinese,2025-10-29 16:30:00,https://understat.com/match/29930
29933,2,ITA-Serie A,2526,2025-10-29 Roma-Parma Calcio 1913,Roma,Parma Calcio 1913,2025-10-29 16:30:00,https://understat.com/match/29933
29926,2,ITA-Serie A,2526,2025-10-30 Cagliari-Sassuolo,Cagliari,Sassuolo,2025-10-30 16:30:00,https://understat.com/match/29926
29932,2,ITA-Serie A,2526,2025-10-30 Pisa-Lazio,Pisa,Lazio,2025-10-30 18:45:00,https://understat.com/match/29932
29937,2,ITA-Serie A,2526,2025-11-02 AC Milan-Roma,AC Milan,Roma,2025-11-02 12:00:00,https://understat.com/match/29937
29934,2,ITA-Serie A,2526,2025-11-02 Cremonese-Juventus,Cremonese,Juventus,2025-11-02 12:00:00,https://understat.com/match/29934
29935,2,ITA-Serie A,2526,2025-11-02 Fiorentina-Lecce,Fiorentina,Lecce,2025-11-02 12:00:00,https://understat.com/match/29935
29936,2,ITA-Serie A,2526,2025-11-02 Lazio-Cagliari,Lazio,Cagliari,2025-11-02 12:00:00,https://understat.com/match/29936
29938,2,ITA-Serie A,2526,2025-11-02 Napoli-Como,Napoli,Como,2025-11-02 12:00:00,https://understat.com/match/29938
29939,2,ITA-Serie A,2526,2025-11-02 Parma Calcio 1913-Bologna,Parma Calcio 1913,Bologna,2025-11-02 12:00:00,https://understat.com/match/29939
29940,2,ITA-Serie A,2526,2025-11-02 Sassuolo-Genoa,Sassuolo,Genoa,2025-11-02 12:00:00,https://understat.com/match/29940
29941,2,ITA-Serie A,2526,2025-11-02 Torino-Pisa,Torino,Pisa,2025-11-02 12:00:00,https://understat.com/match/29941
29942,2,ITA-Serie A,2526,2025-11-02 Udinese-Atalanta,Udinese,Atalanta,2025-11-02 12:00:00,https://understat.com/match/29942
29943,2,ITA-Serie A,2526,2025-11-02 Verona-Inter,Verona,Inter,2025-11-02 12:00:00,https://understat.com/match/29943
29944,2,ITA-Serie A,2526,2025-11-09 Atalanta-Sassuolo,Atalanta,Sassuolo,2025-11-09 12:00:00,https://understat.com/match/29944
29945,2,ITA-Serie A,2526,2025-11-09 Bologna-Napoli,Bologna,Napoli,2025-11-09 12:00:00,https://understat.com/match/29945
29946,2,ITA-Serie A,2526,2025-11-09 Como-Cagliari,Como,Cagliari,2025-11-09 12:00:00,https://understat.com/match/29946
29947,2,ITA-Serie A,2526,2025-11-09 Genoa-Fiorentina,Genoa,Fiorentina,2025-11-09 12:00:00,https://understat.com/match/29947
29948,2,ITA-Serie A,2526,2025-11-09 Inter-Lazio,Inter,Lazio,2025-11-09 12:00:00,https://understat.com/match/29948
29949,2,ITA-Serie A,2526,2025-11-09 Juventus-Torino,Juventus,Torino,2025-11-09 12:00:00,https://understat.com/match/29949
29950,2,ITA-Serie A,2526,2025-11-09 Lecce-Verona,Lecce,Verona,2025-11-09 12:00:00,https://understat.com/match/29950
29951,2,ITA-Serie A,2526,2025-11-09 Parma Calcio 1913-AC Milan,Parma Calcio 1913,AC Milan,2025-11-09 12:00:00,https://understat.com/match/29951
29952,2,ITA-Serie A,2526,2025-11-09 Pisa-Cremonese,Pisa,Cremonese,2025-11-09 12:00:00,https://understat.com/match/29952
29953,2,ITA-Serie A,2526,2025-11-09 Roma-Udinese,Roma,Udinese,2025-11-09 12:00:00,https://understat.com/match/29953
29955,2,ITA-Serie A,2526,2025-11-23 Cagliari-Genoa,Cagliari,Genoa,2025-11-23 12:00:00,https://understat.com/match/29955
29956,2,ITA-Serie A,2526,2025-11-23 Cremonese-Roma,Cremonese,Roma,2025-11-23 12:00:00,https://understat.com/match/29956
29957,2,ITA-Serie A,2526,2025-11-23 Fiorentina-Juventus,Fiorentina,Juventus,2025-11-23 12:00:00,https://understat.com/match/29957
29958,2,ITA-Serie A,2526,2025-11-23 Inter-AC Milan,Inter,AC Milan,2025-11-23 12:00:00,https://understat.com/match/29958
29959,2,ITA-Serie A,2526,2025-11-23 Lazio-Lecce,Lazio,Lecce,2025-11-23 12:00:00,https://understat.com/match/29959
29960,2,ITA-Serie A,2526,2025-11-23 Napoli-Atalanta,Napoli,Atalanta,2025-11-23 12:00:00,https://understat.com/match/29960
29961,2,ITA-Serie A,2526,2025-11-23 Sassuolo-Pisa,Sassuolo,Pisa,2025-11-23 12:00:00,https://understat.com/match/29961
29962,2,ITA-Serie A,2526,2025-11-23 Torino-Como,Torino,Como,2025-11-23 12:00:00,https://understat.com/match/29962
29963,2,ITA-Serie A,2526,2025-11-23 Udinese-Bologna,Udinese,Bologna,2025-11-23 12:00:00,https://understat.com/match/29963
29954,2,ITA-Serie A,2526,2025-11-23 Verona-Parma Calcio 1913,Verona,Parma Calcio 1913,2025-11-23 12:00:00,https://understat.com/match/29954
29970,2,ITA-Serie A,2526,2025-11-30 AC Milan-Lazio,AC Milan,Lazio,2025-11-30 12:00:00,https://understat.com/match/29970
29964,2,ITA-Serie A,2526,2025-11-30 Atalanta-Fiorentina,Atalanta,Fiorentina,2025-11-30 12:00:00,https://understat.com/match/29964
29965,2,ITA-Serie A,2526,2025-11-30 Bologna-Cremonese,Bologna,Cremonese,2025-11-30 12:00:00,https://understat.com/match/29965
29966,2,ITA-Serie A,2526,2025-11-30 Como-Sassuolo,Como,Sassuolo,2025-11-30 12:00:00,https://understat.com/match/29966
29967,2,ITA-Serie A,2526,2025-11-30 Genoa-Verona,Genoa,Verona,2025-11-30 12:00:00,https://understat.com/match/29967
29968,2,ITA-Serie A,2526,2025-11-30 Juventus-Cagliari,Juventus,Cagliari,2025-11-30 12:00:00,https://understat.com/match/29968
29969,2,ITA-Serie A,2526,2025-11-30 Lecce-Torino,Lecce,Torino,2025-11-30 12:00:00,https://understat.com/match/29969
29971,2,ITA-Serie A,2526,2025-11-30 Parma Calcio 1913-Udinese,Parma Calcio 1913,Udinese,2025-11-30 12:00:00,https://understat.com/match/29971
29972,2,ITA-Serie A,2526,2025-11-30 Pisa-Inter,Pisa,Inter,2025-11-30 12:00:00,https://understat.com/match/29972
29973,2,ITA-Serie A,2526,2025-11-30 Roma-Napoli,Roma,Napoli,2025-11-30 12:00:00,https://understat.com/match/29973
29974,2,ITA-Serie A,2526,2025-12-07 Cagliari-Roma,Cagliari,Roma,2025-12-07 12:00:00,https://understat.com/match/29974
29975,2,ITA-Serie A,2526,2025-12-07 Cremonese-Lecce,Cremonese,Lecce,2025-12-07 12:00:00,https://understat.com/match/29975
29976,2,ITA-Serie A,2526,2025-12-07 Inter-Como,Inter,Como,2025-12-07 12:00:00,https://understat.com/match/29976
29977,2,ITA-Serie A,2526,2025-12-07 Lazio-Bologna,Lazio,Bologna,2025-12-07 12:00:00,https://understat.com/match/29977
29978,2,ITA-Serie A,2526,2025-12-07 Napoli-Juventus,Napoli,Juventus,2025-12-07 12:00:00,https://understat.com/match/29978
29979,2,ITA-Serie A,2526,2025-12-07 Pisa-Parma Calcio 1913,Pisa,Parma Calcio 1913,2025-12-07 12:00:00,https://understat.com/match/29979
29980,2,ITA-Serie A,2526,2025-12-07 Sassuolo-Fiorentina,Sassuolo,Fiorentina,2025-12-07 12:00:00,https://understat.com/match/29980
29981,2,ITA-Serie A,2526,2025-12-07 Torino-AC Milan,Torino,AC Milan,2025-12-07 12:00:00,https://understat.com/match/29981
29982,2,ITA-Serie A,2526,2025-12-07 Udinese-Genoa,Udinese,Genoa,2025-12-07 12:00:00,https://understat.com/match/29982
29983,2,ITA-Serie A,2526,2025-12-07 Verona-Atalanta,Verona,Atalanta,2025-12-07 12:00:00,https://understat.com/match/29983
29989,2,ITA-Serie A,2526,2025-12-14 AC Milan-Sassuolo,AC Milan,Sassuolo,2025-12-14 12:00:00,https://understat.com/match/29989
29984,2,ITA-Serie A,2526,2025-12-14 Atalanta-Cagliari,Atalanta,Cagliari,2025-12-14 12:00:00,https://understat.com/match/29984
29985,2,ITA-Serie A,2526,2025-12-14 Bologna-Juventus,Bologna,Juventus,2025-12-14 12:00:00,https://understat.com/match/29985
29986,2,ITA-Serie A,2526,2025-12-14 Fiorentina-Verona,Fiorentina,Verona,2025-12-14 12:00:00,https://understat.com/match/29986
29987,2,ITA-Serie A,2526,2025-12-14 Genoa-Inter,Genoa,Inter,2025-12-14 12:00:00,https://understat.com/match/29987
29988,2,ITA-Serie A,2526,2025-12-14 Lecce-Pisa,Lecce,Pisa,2025-12-14 12:00:00,https://understat.com/match/29988
29990,2,ITA-Serie A,2526,2025-12-14 Parma Calcio 1913-Lazio,Parma Calcio 1913,Lazio,2025-12-14 12:00:00,https://understat.com/match/29990
29991,2,ITA-Serie A,2526,2025-12-14 Roma-Como,Roma,Como,2025-12-14 12:00:00,https://understat.com/match/29991
29992,2,ITA-Serie A,2526,2025-12-14 Torino-Cremonese,Torino,Cremonese,2025-12-14 12:00:00,https://understat.com/match/29992
29993,2,ITA-Serie A,2526,2025-12-14 Udinese-Napoli,Udinese,Napoli,2025-12-14 12:00:00,https://understat.com/match/29993
29994,2,ITA-Serie A,2526,2025-12-21 Cagliari-Pisa,Cagliari,Pisa,2025-12-21 12:00:00,https://understat.com/match/29994
29995,2,ITA-Serie A,2526,2025-12-21 Como-AC Milan,Como,AC Milan,2025-12-21 12:00:00,https://understat.com/match/29995
29996,2,ITA-Serie A,2526,2025-12-21 Fiorentina-Udinese,Fiorentina,Udinese,2025-12-21 12:00:00,https://understat.com/match/29996
29997,2,ITA-Serie A,2526,2025-12-21 Genoa-Atalanta,Genoa,Atalanta,2025-12-21 12:00:00,https://understat.com/match/29997
29998,2,ITA-Serie A,2526,2025-12-21 Inter-Lecce,Inter,Lecce,2025-12-21 12:00:00,https://understat.com/match/29998
29999,2,ITA-Serie A,2526,2025-12-21 Juventus-Roma,Juventus,Roma,2025-12-21 12:00:00,https://understat.com/match/29999
30000,2,ITA-Serie A,2526,2025-12-21 Lazio-Cremonese,Lazio,Cremonese,2025-12-21 12:00:00,https://understat.com/match/30000
30001,2,ITA-Serie A,2526,2025-12-21 Napoli-Parma Calcio 1913,Napoli,Parma Calcio 1913,2025-12-21 12:00:00,https://understat.com/match/30001
30002,2,ITA-Serie A,2526,2025-12-21 Sassuolo-Torino,Sassuolo,Torino,2025-12-21 12:00:00,https://understat.com/match/30002
30003,2,ITA-Serie A,2526,2025-12-21 Verona-Bologna,Verona,Bologna,2025-12-21 12:00:00,https://understat.com/match/30003
30007,2,ITA-Serie A,2526,2025-12-28 AC Milan-Verona,AC Milan,Verona,2025-12-28 12:00:00,https://understat.com/match/30007
30013,2,ITA-Serie A,2526,2025-12-28 Atalanta-Inter,Atalanta,Inter,2025-12-28 12:00:00,https://understat.com/match/30013
30004,2,ITA-Serie A,2526,2025-12-28 Bologna-Sassuolo,Bologna,Sassuolo,2025-12-28 12:00:00,https://understat.com/match/30004
30005,2,ITA-Serie A,2526,2025-12-28 Cremonese-Napoli,Cremonese,Napoli,2025-12-28 12:00:00,https://understat.com/match/30005
30006,2,ITA-Serie A,2526,2025-12-28 Lecce-Como,Lecce,Como,2025-12-28 12:00:00,https://understat.com/match/30006
30008,2,ITA-Serie A,2526,2025-12-28 Parma Calcio 1913-Fiorentina,Parma Calcio 1913,Fiorentina,2025-12-28 12:00:00,https://understat.com/match/30008
30009,2,ITA-Serie A,2526,2025-12-28 Pisa-Juventus,Pisa,Juventus,2025-12-28 12:00:00,https://understat.com/match/30009
30010,2,ITA-Serie A,2526,2025-12-28 Roma-Genoa,Roma,Genoa,2025-12-28 12:00:00,https://understat.com/match/30010
30011,2,ITA-Serie A,2526,2025-12-28 Torino-Cagliari,Torino,Cagliari,2025-12-28 12:00:00,https://understat.com/match/30011
30012,2,ITA-Serie A,2526,2025-12-28 Udinese-Lazio,Udinese,Lazio,2025-12-28 12:00:00,https://understat.com/match/30012
30014,2,ITA-Serie A,2526,2026-01-03 Atalanta-Roma,Atalanta,Roma,2026-01-03 12:00:00,https://understat.com/match/30014
30015,2,ITA-Serie A,2526,2026-01-03 Cagliari-AC Milan,Cagliari,AC Milan,2026-01-03 12:00:00,https://understat.com/match/30015
30016,2,ITA-Serie A,2526,2026-01-03 Como-Udinese,Como,Udinese,2026-01-03 12:00:00,https://understat.com/match/30016
30017,2,ITA-Serie A,2526,2026-01-03 Fiorentina-Cremonese,Fiorentina,Cremonese,2026-01-03 12:00:00,https://understat.com/match/30017
30018,2,ITA-Serie A,2526,2026-01-03 Genoa-Pisa,Genoa,Pisa,2026-01-03 12:00:00,https://understat.com/match/30018
30019,2,ITA-Serie A,2526,2026-01-03 Inter-Bologna,Inter,Bologna,2026-01-03 12:00:00,https://understat.com/match/30019
30020,2,ITA-Serie A,2526,2026-01-03 Juventus-Lecce,Juventus,Lecce,2026-01-03 12:00:00,https://understat.com/match/30020
30021,2,ITA-Serie A,2526,2026-01-03 Lazio-Napoli,Lazio,Napoli,2026-01-03 12:00:00,https://understat.com/match/30021
30022,2,ITA-Serie A,2526,2026-01-03 Sassuolo-Parma Calcio 1913,Sassuolo,Parma Calcio 1913,2026-01-03 12:00:00,https://understat.com/match/30022
30023,2,ITA-Serie A,2526,2026-01-03 Verona-Torino,Verona,Torino,2026-01-03 12:00:00,https://understat.com/match/30023
30028,2,ITA-Serie A,2526,2026-01-06 AC Milan-Genoa,AC Milan,Genoa,2026-01-06 17:45:00,https://understat.com/match/30028
30024,2,ITA-Serie A,2526,2026-01-06 Bologna-Atalanta,Bologna,Atalanta,2026-01-06 17:45:00,https://understat.com/match/30024
30025,2,ITA-Serie A,2526,2026-01-06 Cremonese-Cagliari,Cremonese,Cagliari,2026-01-06 17:45:00,https://understat.com/match/30025
30026,2,ITA-Serie A,2526,2026-01-06 Lazio-Fiorentina,Lazio,Fiorentina,2026-01-06 17:45:00,https://understat.com/match/30026
30027,2,ITA-Serie A,2526,2026-01-06 Lecce-Roma,Lecce,Roma,2026-01-06 17:45:00,https://understat.com/match/30027
30029,2,ITA-Serie A,2526,2026-01-06 Napoli-Verona,Napoli,Verona,2026-01-06 17:45:00,https://understat.com/match/30029
30030,2,ITA-Serie A,2526,2026-01-06 Parma Calcio 1913-Inter,Parma Calcio 1913,Inter,2026-01-06 17:45:00,https://understat.com/match/30030
30031,2,ITA-Serie A,2526,2026-01-06 Pisa-Como,Pisa,Como,2026-01-06 17:45:00,https://understat.com/match/30031
30032,2,ITA-Serie A,2526,2026-01-06 Sassuolo-Juventus,Sassuolo,Juventus,2026-01-06 17:45:00,https://understat.com/match/30032
30033,2,ITA-Serie A,2526,2026-01-06 Torino-Udinese,Torino,Udinese,2026-01-06 17:45:00,https://understat.com/match/30033
30034,2,ITA-Serie A,2526,2026-01-11 Atalanta-Torino,Atalanta,Torino,2026-01-11 12:00:00,https://understat.com/match/30034
30035,2,ITA-Serie A,2526,2026-01-11 Como-Bologna,Como,Bologna,2026-01-11 12:00:00,https://understat.com/match/30035
30036,2,ITA-Serie A,2526,2026-01-11 Fiorentina-AC Milan,Fiorentina,AC Milan,2026-01-11 12:00:00,https://understat.com/match/30036
30037,2,ITA-Serie A,2526,2026-01-11 Genoa-Cagliari,Genoa,Cagliari,2026-01-11 12:00:00,https://understat.com/match/30037
30038,2,ITA-Serie A,2526,2026-01-11 Inter-Napoli,Inter,Napoli,2026-01-11 12:00:00,https://understat.com/match/30038
30039,2,ITA-Serie A,2526,2026-01-11 Juventus-Cremonese,Juventus,Cremonese,2026-01-11 12:00:00,https://understat.com/match/30039
30040,2,ITA-Serie A,2526,2026-01-11 Lecce-Parma Calcio 1913,Lecce,Parma Calcio 1913,2026-01-11 12:00:00,https://understat.com/match/30040
30041,2,ITA-Serie A,2526,2026-01-11 Roma-Sassuolo,Roma,Sassuolo,2026-01-11 12:00:00,https://understat.com/match/30041
30042,2,ITA-Serie A,2526,2026-01-11 Udinese-Pisa,Udinese,Pisa,2026-01-11 12:00:00,https://understat.com/match/30042
30043,2,ITA-Serie A,2526,2026-01-11 Verona-Lazio,Verona,Lazio,2026-01-11 12:00:00,https://understat.com/match/30043
30046,2,ITA-Serie A,2526,2026-01-18 AC Milan-Lecce,AC Milan,Lecce,2026-01-18 12:00:00,https://understat.com/match/30046
30052,2,ITA-Serie A,2526,2026-01-18 Bologna-Fiorentina,Bologna,Fiorentina,2026-01-18 12:00:00,https://understat.com/match/30052
30053,2,ITA-Serie A,2526,2026-01-18 Cagliari-Juventus,Cagliari,Juventus,2026-01-18 12:00:00,https://understat.com/match/30053
30044,2,ITA-Serie A,2526,2026-01-18 Cremonese-Verona,Cremonese,Verona,2026-01-18 12:00:00,https://understat.com/match/30044
30045,2,ITA-Serie A,2526,2026-01-18 Lazio-Como,Lazio,Como,2026-01-18 12:00:00,https://understat.com/match/30045
30047,2,ITA-Serie A,2526,2026-01-18 Napoli-Sassuolo,Napoli,Sassuolo,2026-01-18 12:00:00,https://understat.com/match/30047
30048,2,ITA-Serie A,2526,2026-01-18 Parma Calcio 1913-Genoa,Parma Calcio 1913,Genoa,2026-01-18 12:00:00,https://understat.com/match/30048
30049,2,ITA-Serie A,2526,2026-01-18 Pisa-Atalanta,Pisa,Atalanta,2026-01-18 12:00:00,https://understat.com/match/30049
30050,2,ITA-Serie A,2526,2026-01-18 Torino-Roma,Torino,Roma,2026-01-18 12:00:00,https://understat.com/match/30050
30051,2,ITA-Serie A,2526,2026-01-18 Udinese-Inter,Udinese,Inter,2026-01-18 12:00:00,https://understat.com/match/30051
30054,2,ITA-Serie A,2526,2026-01-25 Atalanta-Parma Calcio 1913,Atalanta,Parma Calcio 1913,2026-01-25 12:00:00,https://understat.com/match/30054
30055,2,ITA-Serie A,2526,2026-01-25 Como-Torino,Como,Torino,2026-01-25 12:00:00,https://understat.com/match/30055
30056,2,ITA-Serie A,2526,2026-01-25 Fiorentina-Cagliari,Fiorentina,Cagliari,2026-01-25 12:00:00,https://understat.com/match/30056
30057,2,ITA-Serie A,2526,2026-01-25 Genoa-Bologna,Genoa,Bologna,2026-01-25 12:00:00,https://understat.com/match/30057
30058,2,ITA-Serie A,2526,2026-01-25 Inter-Pisa,Inter,Pisa,2026-01-25 12:00:00,https://understat.com/match/30058
30059,2,ITA-Serie A,2526,2026-01-25 Juventus-Napoli,Juventus,Napoli,2026-01-25 12:00:00,https://understat.com/match/30059
30060,2,ITA-Serie A,2526,2026-01-25 Lecce-Lazio,Lecce,Lazio,2026-01-25 12:00:00,https://understat.com/match/30060
30061,2,ITA-Serie A,2526,2026-01-25 Roma-AC Milan,Roma,AC Milan,2026-01-25 12:00:00,https://understat.com/match/30061
30062,2,ITA-Serie A,2526,2026-01-25 Sassuolo-Cremonese,Sassuolo,Cremonese,2026-01-25 12:00:00,https://understat.com/match/30062
30063,2,ITA-Serie A,2526,2026-01-25 Verona-Udinese,Verona,Udinese,2026-01-25 12:00:00,https://understat.com/match/30063
30064,2,ITA-Serie A,2526,2026-02-01 Bologna-AC Milan,Bologna,AC Milan,2026-02-01 12:00:00,https://understat.com/match/30064
30065,2,ITA-Serie A,2526,2026-02-01 Cagliari-Verona,Cagliari,Verona,2026-02-01 12:00:00,https://understat.com/match/30065
30066,2,ITA-Serie A,2526,2026-02-01 Como-Atalanta,Como,Atalanta,2026-02-01 12:00:00,https://understat.com/match/30066
30067,2,ITA-Serie A,2526,2026-02-01 Cremonese-Inter,Cremonese,Inter,2026-02-01 12:00:00,https://understat.com/match/30067
30068,2,ITA-Serie A,2526,2026-02-01 Lazio-Genoa,Lazio,Genoa,2026-02-01 12:00:00,https://understat.com/match/30068
30069,2,ITA-Serie A,2526,2026-02-01 Napoli-Fiorentina,Napoli,Fiorentina,2026-02-01 12:00:00,https://understat.com/match/30069
30070,2,ITA-Serie A,2526,2026-02-01 Parma Calcio 1913-Juventus,Parma Calcio 1913,Juventus,2026-02-01 12:00:00,https://understat.com/match/30070
30071,2,ITA-Serie A,2526,2026-02-01 Pisa-Sassuolo,Pisa,Sassuolo,2026-02-01 12:00:00,https://understat.com/match/30071
30072,2,ITA-Serie A,2526,2026-02-01 Torino-Lecce,Torino,Lecce,2026-02-01 12:00:00,https://understat.com/match/30072
30073,2,ITA-Serie A,2526,2026-02-01 Udinese-Roma,Udinese,Roma,2026-02-01 12:00:00,https://understat.com/match/30073
30083,2,ITA-Serie A,2526,2026-02-08 AC Milan-Como,AC Milan,Como,2026-02-08 12:00:00,https://understat.com/match/30083
30077,2,ITA-Serie A,2526,2026-02-08 Atalanta-Cremonese,Atalanta,Cremonese,2026-02-08 12:00:00,https://understat.com/match/30077
30078,2,ITA-Serie A,2526,2026-02-08 Bologna-Parma Calcio 1913,Bologna,Parma Calcio 1913,2026-02-08 12:00:00,https://understat.com/match/30078
30079,2,ITA-Serie A,2526,2026-02-08 Fiorentina-Torino,Fiorentina,Torino,2026-02-08 12:00:00,https://understat.com/match/30079
30080,2,ITA-Serie A,2526,2026-02-08 Genoa-Napoli,Genoa,Napoli,2026-02-08 12:00:00,https://understat.com/match/30080
30081,2,ITA-Serie A,2526,2026-02-08 Juventus-Lazio,Juventus,Lazio,2026-02-08 12:00:00,https://understat.com/match/30081
30082,2,ITA-Serie A,2526,2026-02-08 Lecce-Udinese,Lecce,Udinese,2026-02-08 12:00:00,https://understat.com/match/30082
30076,2,ITA-Serie A,2526,2026-02-08 Roma-Cagliari,Roma,Cagliari,2026-02-08 12:00:00,https://understat.com/match/30076
30075,2,ITA-Serie A,2526,2026-02-08 Sassuolo-Inter,Sassuolo,Inter,2026-02-08 12:00:00,https://understat.com/match/30075
30074,2,ITA-Serie A,2526,2026-02-08 Verona-Pisa,Verona,Pisa,2026-02-08 12:00:00,https://understat.com/match/30074
30084,2,ITA-Serie A,2526,2026-02-15 Cagliari-Lecce,Cagliari,Lecce,2026-02-15 12:00:00,https://understat.com/match/30084
30085,2,ITA-Serie A,2526,2026-02-15 Como-Fiorentina,Como,Fiorentina,2026-02-15 12:00:00,https://understat.com/match/30085
30086,2,ITA-Serie A,2526,2026-02-15 Cremonese-Genoa,Cremonese,Genoa,2026-02-15 12:00:00,https://understat.com/match/30086
30087,2,ITA-Serie A,2526,2026-02-15 Inter-Juventus,Inter,Juventus,2026-02-15 12:00:00,https://understat.com/match/30087
30088,2,ITA-Serie A,2526,2026-02-15 Lazio-Atalanta,Lazio,Atalanta,2026-02-15 12:00:00,https://understat.com/match/30088
30089,2,ITA-Serie A,2526,2026-02-15 Napoli-Roma,Napoli,Roma,2026-02-15 12:00:00,https://understat.com/match/30089
30090,2,ITA-Serie A,2526,2026-02-15 Parma Calcio 1913-Verona,Parma Calcio 1913,Verona,2026-02-15 12:00:00,https://understat.com/match/30090
30091,2,ITA-Serie A,2526,2026-02-15 Pisa-AC Milan,Pisa,AC Milan,2026-02-15 12:00:00,https://understat.com/match/30091
30092,2,ITA-Serie A,2526,2026-02-15 Torino-Bologna,Torino,Bologna,2026-02-15 12:00:00,https://understat.com/match/30092
30093,2,ITA-Serie A,2526,2026-02-15 Udinese-Sassuolo,Udinese,Sassuolo,2026-02-15 12:00:00,https://understat.com/match/30093
30101,2,ITA-Serie A,2526,2026-02-22 AC Milan-Parma Calcio 1913,AC Milan,Parma Calcio 1913,2026-02-22 12:00:00,https://understat.com/match/30101
30094,2,ITA-Serie A,2526,2026-02-22 Atalanta-Napoli,Atalanta,Napoli,2026-02-22 12:00:00,https://understat.com/match/30094
30095,2,ITA-Serie A,2526,2026-02-22 Bologna-Udinese,Bologna,Udinese,2026-02-22 12:00:00,https://understat.com/match/30095
30096,2,ITA-Serie A,2526,2026-02-22 Cagliari-Lazio,Cagliari,Lazio,2026-02-22 12:00:00,https://understat.com/match/30096
30097,2,ITA-Serie A,2526,2026-02-22 Fiorentina-Pisa,Fiorentina,Pisa,2026-02-22 12:00:00,https://understat.com/match/30097
30098,2,ITA-Serie A,2526,2026-02-22 Genoa-Torino,Genoa,Torino,2026-02-22 12:00:00,https://understat.com/match/30098
30099,2,ITA-Serie A,2526,2026-02-22 Juventus-Como,Juventus,Como,2026-02-22 12:00:00,https://understat.com/match/30099
30100,2,ITA-Serie A,2526,2026-02-22 Lecce-Inter,Lecce,Inter,2026-02-22 12:00:00,https://understat.com/match/30100
30102,2,ITA-Serie A,2526,2026-02-22 Roma-Cremonese,Roma,Cremonese,2026-02-22 12:00:00,https://understat.com/match/30102
30103,2,ITA-Serie A,2526,2026-02-22 Sassuolo-Verona,Sassuolo,Verona,2026-02-22 12:00:00,https://understat.com/match/30103
30113,2,ITA-Serie A,2526,2026-03-01 Como-Lecce,Como,Lecce,2026-03-01 12:00:00,https://understat.com/match/30113
30104,2,ITA-Serie A,2526,2026-03-01 Cremonese-AC Milan,Cremonese,AC Milan,2026-03-01 12:00:00,https://understat.com/match/30104
30105,2,ITA-Serie A,2526,2026-03-01 Inter-Genoa,Inter,Genoa,2026-03-01 12:00:00,https://understat.com/match/30105
30106,2,ITA-Serie A,2526,2026-03-01 Parma Calcio 1913-Cagliari,Parma Calcio 1913,Cagliari,2026-03-01 12:00:00,https://understat.com/match/30106
30107,2,ITA-Serie A,2526,2026-03-01 Pisa-Bologna,Pisa,Bologna,2026-03-01 12:00:00,https://understat.com/match/30107
30108,2,ITA-Serie A,2526,2026-03-01 Roma-Juventus,Roma,Juventus,2026-03-01 12:00:00,https://understat.com/match/30108
30112,2,ITA-Serie A,2526,2026-03-01 Sassuolo-Atalanta,Sassuolo,Atalanta,2026-03-01 12:00:00,https://understat.com/match/30112
30111,2,ITA-Serie A,2526,2026-03-01 Torino-Lazio,Torino,Lazio,2026-03-01 12:00:00,https://understat.com/match/30111
30110,2,ITA-Serie A,2526,2026-03-01 Udinese-Fiorentina,Udinese,Fiorentina,2026-03-01 12:00:00,https://understat.com/match/30110
30109,2,ITA-Serie A,2526,2026-03-01 Verona-Napoli,Verona,Napoli,2026-03-01 12:00:00,https://understat.com/match/30109
30122,2,ITA-Serie A,2526,2026-03-08 AC Milan-Inter,AC Milan,Inter,2026-03-08 12:00:00,https://understat.com/match/30122
30115,2,ITA-Serie A,2526,2026-03-08 Atalanta-Udinese,Atalanta,Udinese,2026-03-08 12:00:00,https://understat.com/match/30115
30123,2,ITA-Serie A,2526,2026-03-08 Bologna-Verona,Bologna,Verona,2026-03-08 12:00:00,https://understat.com/match/30123
30116,2,ITA-Serie A,2526,2026-03-08 Cagliari-Como,Cagliari,Como,2026-03-08 12:00:00,https://understat.com/match/30116
30117,2,ITA-Serie A,2526,2026-03-08 Fiorentina-Parma Calcio 1913,Fiorentina,Parma Calcio 1913,2026-03-08 12:00:00,https://understat.com/match/30117
30118,2,ITA-Serie A,2526,2026-03-08 Genoa-Roma,Genoa,Roma,2026-03-08 12:00:00,https://understat.com/match/30118
30119,2,ITA-Serie A,2526,2026-03-08 Juventus-Pisa,Juventus,Pisa,2026-03-08 12:00:00,https://understat.com/match/30119
30120,2,ITA-Serie A,2526,2026-03-08 Lazio-Sassuolo,Lazio,Sassuolo,2026-03-08 12:00:00,https://understat.com/match/30120
30121,2,ITA-Serie A,2526,2026-03-08 Lecce-Cremonese,Lecce,Cremonese,2026-03-08 12:00:00,https://understat.com/match/30121
30114,2,ITA-Serie A,2526,2026-03-08 Napoli-Torino,Napoli,Torino,2026-03-08 12:00:00,https://understat.com/match/30114
30124,2,ITA-Serie A,2526,2026-03-15 Como-Roma,Como,Roma,2026-03-15 12:00:00,https://understat.com/match/30124
30125,2,ITA-Serie A,2526,2026-03-15 Cremonese-Fiorentina,Cremonese,Fiorentina,2026-03-15 12:00:00,https://understat.com/match/30125
30126,2,ITA-Serie A,2526,2026-03-15 Inter-Atalanta,Inter,Atalanta,2026-03-15 12:00:00,https://understat.com/match/30126
30127,2,ITA-Serie A,2526,2026-03-15 Lazio-AC Milan,Lazio,AC Milan,2026-03-15 12:00:00,https://understat.com/match/30127
30128,2,ITA-Serie A,2526,2026-03-15 Napoli-Lecce,Napoli,Lecce,2026-03-15 12:00:00,https://understat.com/match/30128
30129,2,ITA-Serie A,2526,2026-03-15 Pisa-Cagliari,Pisa,Cagliari,2026-03-15 12:00:00,https://understat.com/match/30129
30130,2,ITA-Serie A,2526,2026-03-15 Sassuolo-Bologna,Sassuolo,Bologna,2026-03-15 12:00:00,https://understat.com/match/30130
30131,2,ITA-Serie A,2526,2026-03-15 Torino-Parma Calcio 1913,Torino,Parma Calcio 1913,2026-03-15 12:00:00,https://understat.com/match/30131
30132,2,ITA-Serie A,2526,2026-03-15 Udinese-Juventus,Udinese,Juventus,2026-03-15 12:00:00,https://understat.com/match/30132
30133,2,ITA-Serie A,2526,2026-03-15 Verona-Genoa,Verona,Genoa,2026-03-15 12:00:00,https://understat.com/match/30133
30141,2,ITA-Serie A,2526,2026-03-22 AC Milan-Torino,AC Milan,Torino,2026-03-22 12:00:00,https://understat.com/match/30141
30134,2,ITA-Serie A,2526,2026-03-22 Atalanta-Verona,Atalanta,Verona,2026-03-22 12:00:00,https://understat.com/match/30134
30135,2,ITA-Serie A,2526,2026-03-22 Bologna-Lazio,Bologna,Lazio,2026-03-22 12:00:00,https://understat.com/match/30135
30136,2,ITA-Serie A,2526,2026-03-22 Cagliari-Napoli,Cagliari,Napoli,2026-03-22 12:00:00,https://understat.com/match/30136
30137,2,ITA-Serie A,2526,2026-03-22 Como-Pisa,Como,Pisa,2026-03-22 12:00:00,https://understat.com/match/30137
30138,2,ITA-Serie A,2526,2026-03-22 Fiorentina-Inter,Fiorentina,Inter,2026-03-22 12:00:00,https://understat.com/match/30138
30139,2,ITA-Serie A,2526,2026-03-22 Genoa-Udinese,Genoa,Udinese,2026-03-22 12:00:00,https://understat.com/match/30139
30140,2,ITA-Serie A,2526,2026-03-22 Juventus-Sassuolo,Juventus,Sassuolo,2026-03-22 12:00:00,https://understat.com/match/30140
30142,2,ITA-Serie A,2526,2026-03-22 Parma Calcio 1913-Cremonese,Parma Calcio 1913,Cremonese,2026-03-22 12:00:00,https://understat.com/match/30142
30143,2,ITA-Serie A,2526,2026-03-22 Roma-Lecce,Roma,Lecce,2026-03-22 12:00:00,https://understat.com/match/30143
30144,2,ITA-Serie A,2526,2026-04-04 Cremonese-Bologna,Cremonese,Bologna,2026-04-04 12:00:00,https://understat.com/match/30144
30145,2,ITA-Serie A,2526,2026-04-04 Inter-Roma,Inter,Roma,2026-04-04 12:00:00,https://understat.com/match/30145
30146,2,ITA-Serie A,2526,2026-04-04 Juventus-Genoa,Juventus,Genoa,2026-04-04 12:00:00,https://understat.com/match/30146
30147,2,ITA-Serie A,2526,2026-04-04 Lazio-Parma Calcio 1913,Lazio,Parma Calcio 1913,2026-04-04 12:00:00,https://understat.com/match/30147
30148,2,ITA-Serie A,2526,2026-04-04 Lecce-Atalanta,Lecce,Atalanta,2026-04-04 12:00:00,https://understat.com/match/30148
30149,2,ITA-Serie A,2526,2026-04-04 Napoli-AC Milan,Napoli,AC Milan,2026-04-04 12:00:00,https://understat.com/match/30149
30150,2,ITA-Serie A,2526,2026-04-04 Pisa-Torino,Pisa,Torino,2026-04-04 12:00:00,https://understat.com/match/30150
30151,2,ITA-Serie A,2526,2026-04-04 Sassuolo-Cagliari,Sassuolo,Cagliari,2026-04-04 12:00:00,https://understat.com/match/30151
30152,2,ITA-Serie A,2526,2026-04-04 Udinese-Como,Udinese,Como,2026-04-04 12:00:00,https://understat.com/match/30152
30153,2,ITA-Serie A,2526,2026-04-04 Verona-Fiorentina,Verona,Fiorentina,2026-04-04 12:00:00,https://understat.com/match/30153
30160,2,ITA-Serie A,2526,2026-04-12 AC Milan-Udinese,AC Milan,Udinese,2026-04-12 12:00:00,https://understat.com/match/30160
30154,2,ITA-Serie A,2526,2026-04-12 Atalanta-Juventus,Atalanta,Juventus,2026-04-12 12:00:00,https://understat.com/match/30154
30155,2,ITA-Serie A,2526,2026-04-12 Bologna-Lecce,Bologna,Lecce,2026-04-12 12:00:00,https://understat.com/match/30155
30156,2,ITA-Serie A,2526,2026-04-12 Cagliari-Cremonese,Cagliari,Cremonese,2026-04-12 12:00:00,https://understat.com/match/30156
30157,2,ITA-Serie A,2526,2026-04-12 Como-Inter,Como,Inter,2026-04-12 12:00:00,https://understat.com/match/30157
30158,2,ITA-Serie A,2526,2026-04-12 Fiorentina-Lazio,Fiorentina,Lazio,2026-04-12 12:00:00,https://understat.com/match/30158
30159,2,ITA-Serie A,2526,2026-04-12 Genoa-Sassuolo,Genoa,Sassuolo,2026-04-12 12:00:00,https://understat.com/match/30159
30161,2,ITA-Serie A,2526,2026-04-12 Parma Calcio 1913-Napoli,Parma Calcio 1913,Napoli,2026-04-12 12:00:00,https://understat.com/match/30161
30162,2,ITA-Serie A,2526,2026-04-12 Roma-Pisa,Roma,Pisa,2026-04-12 12:00:00,https://understat.com/match/30162
30163,2,ITA-Serie A,2526,2026-04-12 Torino-Verona,Torino,Verona,2026-04-12 12:00:00,https://understat.com/match/30163
30173,2,ITA-Serie A,2526,2026-04-19 Cremonese-Torino,Cremonese,Torino,2026-04-19 12:00:00,https://understat.com/match/30173
30164,2,ITA-Serie A,2526,2026-04-19 Inter-Cagliari,Inter,Cagliari,2026-04-19 12:00:00,https://understat.com/match/30164
30165,2,ITA-Serie A,2526,2026-04-19 Juventus-Bologna,Juventus,Bologna,2026-04-19 12:00:00,https://understat.com/match/30165
30166,2,ITA-Serie A,2526,2026-04-19 Lecce-Fiorentina,Lecce,Fiorentina,2026-04-19 12:00:00,https://understat.com/match/30166
30167,2,ITA-Serie A,2526,2026-04-19 Napoli-Lazio,Napoli,Lazio,2026-04-19 12:00:00,https://understat.com/match/30167
30168,2,ITA-Serie A,2526,2026-04-19 Pisa-Genoa,Pisa,Genoa,2026-04-19 12:00:00,https://understat.com/match/30168
30169,2,ITA-Serie A,2526,2026-04-19 Roma-Atalanta,Roma,Atalanta,2026-04-19 12:00:00,https://understat.com/match/30169
30170,2,ITA-Serie A,2526,2026-04-19 Sassuolo-Como,Sassuolo,Como,2026-04-19 12:00:00,https://understat.com/match/30170
30171,2,ITA-Serie A,2526,2026-04-19 Udinese-Parma Calcio 1913,Udinese,Parma Calcio 1913,2026-04-19 12:00:00,https://understat.com/match/30171
30172,2,ITA-Serie A,2526,2026-04-19 Verona-AC Milan,Verona,AC Milan,2026-04-19 12:00:00,https://understat.com/match/30172
30179,2,ITA-Serie A,2526,2026-04-26 AC Milan-Juventus,AC Milan,Juventus,2026-04-26 12:00:00,https://understat.com/match/30179
30174,2,ITA-Serie A,2526,2026-04-26 Bologna-Roma,Bologna,Roma,2026-04-26 12:00:00,https://understat.com/match/30174
30175,2,ITA-Serie A,2526,2026-04-26 Cagliari-Atalanta,Cagliari,Atalanta,2026-04-26 12:00:00,https://understat.com/match/30175
30176,2,ITA-Serie A,2526,2026-04-26 Fiorentina-Sassuolo,Fiorentina,Sassuolo,2026-04-26 12:00:00,https://understat.com/match/30176
30177,2,ITA-Serie A,2526,2026-04-26 Genoa-Como,Genoa,Como,2026-04-26 12:00:00,https://understat.com/match/30177
30178,2,ITA-Serie A,2526,2026-04-26 Lazio-Udinese,Lazio,Udinese,2026-04-26 12:00:00,https://understat.com/match/30178
30180,2,ITA-Serie A,2526,2026-04-26 Napoli-Cremonese,Napoli,Cremonese,2026-04-26 12:00:00,https://understat.com/match/30180
30181,2,ITA-Serie A,2526,2026-04-26 Parma Calcio 1913-Pisa,Parma Calcio 1913,Pisa,2026-04-26 12:00:00,https://understat.com/match/30181
30182,2,ITA-Serie A,2526,2026-04-26 Torino-Inter,Torino,Inter,2026-04-26 12:00:00,https://understat.com/match/30182
30183,2,ITA-Serie A,2526,2026-04-26 Verona-Lecce,Verona,Lecce,2026-04-26 12:00:00,https://understat.com/match/30183
30184,2,ITA-Serie A,2526,2026-05-03 Atalanta-Genoa,Atalanta,Genoa,2026-05-03 12:00:00,https://understat.com/match/30184
30185,2,ITA-Serie A,2526,2026-05-03 Bologna-Cagliari,Bologna,Cagliari,2026-05-03 12:00:00,https://understat.com/match/30185
30186,2,ITA-Serie A,2526,2026-05-03 Como-Napoli,Como,Napoli,2026-05-03 12:00:00,https://understat.com/match/30186
30187,2,ITA-Serie A,2526,2026-05-03 Cremonese-Lazio,Cremonese,Lazio,2026-05-03 12:00:00,https://understat.com/match/30187
30188,2,ITA-Serie A,2526,2026-05-03 Inter-Parma Calcio 1913,Inter,Parma Calcio 1913,2026-05-03 12:00:00,https://understat.com/match/30188
30189,2,ITA-Serie A,2526,2026-05-03 Juventus-Verona,Juventus,Verona,2026-05-03 12:00:00,https://understat.com/match/30189
30190,2,ITA-Serie A,2526,2026-05-03 Pisa-Lecce,Pisa,Lecce,2026-05-03 12:00:00,https://understat.com/match/30190
30191,2,ITA-Serie A,2526,2026-05-03 Roma-Fiorentina,Roma,Fiorentina,2026-05-03 12:00:00,https://understat.com/match/30191
30192,2,ITA-Serie A,2526,2026-05-03 Sassuolo-AC Milan,Sassuolo,AC Milan,2026-05-03 12:00:00,https://understat.com/match/30192
30193,2,ITA-Serie A,2526,2026-05-03 Udinese-Torino,Udinese,Torino,2026-05-03 12:00:00,https://understat.com/match/30193
30200,2,ITA-Serie A,2526,2026-05-10 AC Milan-Atalanta,AC Milan,Atalanta,2026-05-10 12:00:00,https://understat.com/match/30200
30195,2,ITA-Serie A,2526,2026-05-10 Cagliari-Udinese,Cagliari,Udinese,2026-05-10 12:00:00,https://understat.com/match/30195
30196,2,ITA-Serie A,2526,2026-05-10 Cremonese-Pisa,Cremonese,Pisa,2026-05-10 12:00:00,https://understat.com/match/30196
30197,2,ITA-Serie A,2526,2026-05-10 Fiorentina-Genoa,Fiorentina,Genoa,2026-05-10 12:00:00,https://understat.com/match/30197
30198,2,ITA-Serie A,2526,2026-05-10 Lazio-Inter,Lazio,Inter,2026-05-10 12:00:00,https://understat.com/match/30198
30199,2,ITA-Serie A,2526,2026-05-10 Lecce-Juventus,Lecce,Juventus,2026-05-10 12:00:00,https://understat.com/match/30199
30201,2,ITA-Serie A,2526,2026-05-10 Napoli-Bologna,Napoli,Bologna,2026-05-10 12:00:00,https://understat.com/match/30201
30202,2,ITA-Serie A,2526,2026-05-10 Parma Calcio 1913-Roma,Parma Calcio 1913,Roma,2026-05-10 12:00:00,https://understat.com/match/30202
30203,2,ITA-Serie A,2526,2026-05-10 Torino-Sassuolo,Torino,Sassuolo,2026-05-10 12:00:00,https://understat.com/match/30203
30194,2,ITA-Serie A,2526,2026-05-10 Verona-Como,Verona,Como,2026-05-10 12:00:00,https://understat.com/match/30194
30204,2,ITA-Serie A,2526,2026-05-17 Atalanta-Bologna,Atalanta,Bologna,2026-05-17 12:00:00,https://understat.com/match/30204
30205,2,ITA-Serie A,2526,2026-05-17 Cagliari-Torino,Cagliari,Torino,2026-05-17 12:00:00,https://understat.com/match/30205
30206,2,ITA-Serie A,2526,2026-05-17 Como-Parma Calcio 1913,Como,Parma Calcio 1913,2026-05-17 12:00:00,https://understat.com/match/30206
30207,2,ITA-Serie A,2526,2026-05-17 Genoa-AC Milan,Genoa,AC Milan,2026-05-17 12:00:00,https://understat.com/match/30207
30208,2,ITA-Serie A,2526,2026-05-17 Inter-Verona,Inter,Verona,2026-05-17 12:00:00,https://understat.com/match/30208
30209,2,ITA-Serie A,2526,2026-05-17 Juventus-Fiorentina,Juventus,Fiorentina,2026-05-17 12:00:00,https://understat.com/match/30209
30210,2,ITA-Serie A,2526,2026-05-17 Pisa-Napoli,Pisa,Napoli,2026-05-17 12:00:00,https://understat.com/match/30210
30211,2,ITA-Serie A,2526,2026-05-17 Roma-Lazio,Roma,Lazio,2026-05-17 12:00:00,https://understat.com/match/30211
30212,2,ITA-Serie A,2526,2026-05-17 Sassuolo-Lecce,Sassuolo,Lecce,2026-05-17 12:00:00,https://understat.com/match/30212
30213,2,ITA-Serie A,2526,2026-05-17 Udinese-Cremonese,Udinese,Cremonese,2026-05-17 12:00:00,https://understat.com/match/30213
30219,2,ITA-Serie A,2526,2026-05-24 AC Milan-Cagliari,AC Milan,Cagliari,2026-05-24 12:00:00,https://understat.com/match/30219
30214,2,ITA-Serie A,2526,2026-05-24 Bologna-Inter,Bologna,Inter,2026-05-24 12:00:00,https://understat.com/match/30214
30215,2,ITA-Serie A,2526,2026-05-24 Cremonese-Como,Cremonese,Como,2026-05-24 12:00:00,https://understat.com/match/30215
30216,2,ITA-Serie A,2526,2026-05-24 Fiorentina-Atalanta,Fiorentina,Atalanta,2026-05-24 12:00:00,https://understat.com/match/30216
30217,2,ITA-Serie A,2526,2026-05-24 Lazio-Pisa,Lazio,Pisa,2026-05-24 12:00:00,https://understat.com/match/30217
30218,2,ITA-Serie A,2526,2026-05-24 Lecce-Genoa,Lecce,Genoa,2026-05-24 12:00:00,https://understat.com/match/30218
30220,2,ITA-Serie A,2526,2026-05-24 Napoli-Udinese,Napoli,Udinese,2026-05-24 12:00:00,https://understat.com/match/30220
30221,2,ITA-Serie A,2526,2026-05-24 Parma Calcio 1913-Sassuolo,Parma Calcio 1913,Sassuolo,2026-05-24 12:00:00,https://understat.com/match/30221
30222,2,ITA-Serie A,2526,2026-05-24 Torino-Juventus,Torino,Juventus,2026-05-24 12:00:00,https://understat.com/match/30222
30223,2,ITA-Serie A,2526,2026-05-24 Verona-Roma,Verona,Roma,2026-05-24 12:00:00,https://understat.com/match/30223
